-- désactivation de la saison précédente
update saison set etat=0 where id=5;
-- création de la nouvelle saison
INSERT INTO `saison` (`id`, `LIBELLE`, `ETAT`, `AUTEUR_MAJ`, `DERNIERE_MAJ`) VALUES (6, '2019 / 2020', 1, 'TSUTTER', CURRENT_TIMESTAMP);

-- mise à jour des années de naissance des catégories
update categorie set annee_debut=annee_debut+1, annee_fin=annee_fin+1, auteur_maj='TSUTTER', derniere_maj=CURRENT_TIMESTAMP;
update sous_categorie set annee=annee+1, auteur_maj='TSUTTER', derniere_maj=CURRENT_TIMESTAMP;

INSERT INTO equipe (id, categorie, libelle, auteur_maj, derniere_maj) VALUES
(26, 9, 'SENIOR D', 'TSUTTER', CURRENT_TIMESTAMP);


-- création des compétitions
INSERT INTO `competition` (`id`, `LIBELLE`, `TYPE_COMPETITION`, `CATEGORIE`, `DIVISION`, `SAISON`, `EQUIPE`, `ACTIF`, `AUTEUR_MAJ`, `DERNIERE_MAJ`) VALUES
(140, 'REGIONAL 3 GROUPE H', 1, 9, 8, 6, 1, 1, 'TSUTTER', CURRENT_TIMESTAMP),
(141, 'D1 GROUPE B', 1, 9, 10, 6, 2, 1, 'TSUTTER', CURRENT_TIMESTAMP),
(142, 'D2 GROUPE D', 1, 9, 11, 6, 19, 1, 'TSUTTER', CURRENT_TIMESTAMP),
(143, 'COUPE DE FRANCE', 2, 9, 0, 6, 1, 1, 'TSUTTER', CURRENT_TIMESTAMP),
(144, 'COUPE DE LORRAINE', 2, 9, 0, 6, 1, 1, 'TSUTTER', CURRENT_TIMESTAMP),
(145, 'COUPE DE MOSELLE', 4, 9, 0, 6, 2, 1, 'TSUTTER', CURRENT_TIMESTAMP),
(146, 'COUPE DES EQUIPES RESERVES', 5, 9, 0, 6, 19, 1, 'TSUTTER', CURRENT_TIMESTAMP),
(147, 'D4 GROUPE H', 1, 9, 13, 6, 26, 1, 'TSUTTER', CURRENT_TIMESTAMP);

-- on passe toutes les rencontres de la saison passée au statut "effectué"
update rencontre set statut = 1 where competition < 140 and statut = 0 ;

-- Coupe de France - 3e tour
INSERT INTO `rencontre` (`COMPETITION`, `JOUR`, `EQUIPE_DOM`, `EQUIPE_EXT`, `SCORE_DOM`, `SCORE_EXT`, `STATUT`, `HEURE_RDV`, `LIEU_RDV`, `COMMENTAIRE_RDV`, `HEURE_MATCH`, `AUTEUR_MAJ`, `DERNIERE_MAJ`) VALUES
(143, '2019-08-15', 'ST JULIEN', 'ESN COURCELLES SUR NIED', 1, 2, 1, '12:00:00', '', '', '15:00:00', 'TSUTTER', CURRENT_TIMESTAMP);


-- Championnat Sénior A - Régional 3 Lorraine Groupe H
INSERT INTO `rencontre` (`COMPETITION`, `JOUR`, `EQUIPE_DOM`, `EQUIPE_EXT`, `SCORE_DOM`, `SCORE_EXT`, `STATUT`, `HEURE_RDV`, `LIEU_RDV`, `COMMENTAIRE_RDV`, `HEURE_MATCH`, `AUTEUR_MAJ`, `DERNIERE_MAJ`) VALUES
(140, '2019-09-01', 'AS ST JULIEN', 'CA BOULAY 2', 0, 0, 0, '00:00:00', '', '', '00:00:00', 'TSUTTER', CURRENT_TIMESTAMP),
(140, '2019-09-08', 'US VALMONT', 'AS ST JULIEN', 0, 0, 0, '00:00:00', '', '', '00:00:00', 'TSUTTER', CURRENT_TIMESTAMP),
(140, '2019-09-21', 'AS ST JULIEN', 'ES MACHEREN', 0, 0, 0, '00:00:00', '', '', '00:00:00', 'TSUTTER', CURRENT_TIMESTAMP),
(140, '2019-10-05', 'FC LONGEVILLE ST AVOLD', 'AS ST JULIEN', 0, 0, 0, '00:00:00', '', '', '00:00:00', 'TSUTTER', CURRENT_TIMESTAMP),
(140, '2019-10-19', 'AS ST JULIEN', 'METZ ESAP', 0, 0, 0, '00:00:00', '', '', '00:00:00', 'TSUTTER', CURRENT_TIMESTAMP),
(140, '2019-11-03', 'VOLMERANGE LES BOULAY', 'AS ST JULIEN', 0, 0, 0, '00:00:00', '', '', '00:00:00', 'TSUTTER', CURRENT_TIMESTAMP),
(140, '2019-11-09', 'AS ST JULIEN', 'ST AVOLD WENHECK', 0, 0, 0, '00:00:00', '', '', '00:00:00', 'TSUTTER', CURRENT_TIMESTAMP),
(140, '2019-11-24', 'ES CREHANGE FAULQUEMONT', 'AS ST JULIEN', 0, 0, 0, '00:00:00', '', '', '00:00:00', 'TSUTTER', CURRENT_TIMESTAMP),
(140, '2019-11-30', 'AS ST JULIEN', 'FC FREYMING', 0, 0, 0, '00:00:00', '', '', '00:00:00', 'TSUTTER', CURRENT_TIMESTAMP),
(140, '2019-12-15', 'EN ST AVOLD 2', 'AS ST JULIEN', 0, 0, 0, '00:00:00', '', '', '00:00:00', 'TSUTTER', CURRENT_TIMESTAMP),
(140, '2020-03-07', 'AS ST JULIEN', 'SR CREUTZWALD', 0, 0, 0, '00:00:00', '', '', '00:00:00', 'TSUTTER', CURRENT_TIMESTAMP),
(140, '2020-03-15', 'ES MACHEREN', 'AS ST JULIEN', 0, 0, 0, '00:00:00', '', '', '00:00:00', 'TSUTTER', CURRENT_TIMESTAMP),
(140, '2020-03-28', 'AS ST JULIEN', 'FC LONGEVILLE ST AVOLD', 0, 0, 0, '00:00:00', '', '', '00:00:00', 'TSUTTER', CURRENT_TIMESTAMP),
(140, '2020-04-05', 'METZ ESAP', 'AS ST JULIEN', 0, 0, 0, '00:00:00', '', '', '00:00:00', 'TSUTTER', CURRENT_TIMESTAMP),
(140, '2020-04-18', 'AS ST JULIEN', 'VOLMERANGE LES BOULAY', 0, 0, 0, '00:00:00', '', '', '00:00:00', 'TSUTTER', CURRENT_TIMESTAMP),
(140, '2020-04-26', 'ST AVOLD WENHECK', 'AS ST JULIEN', 0, 0, 0, '00:00:00', '', '', '00:00:00', 'TSUTTER', CURRENT_TIMESTAMP),
(140, '2020-05-02', 'AS ST JULIEN', 'ES CREHANGE FAULQUEMONT', 0, 0, 0, '00:00:00', '', '', '00:00:00', 'TSUTTER', CURRENT_TIMESTAMP),
(140, '2020-05-10', 'FC FREYMING', 'AS ST JULIEN', 0, 0, 0, '00:00:00', '', '', '00:00:00', 'TSUTTER', CURRENT_TIMESTAMP),
(140, '2020-05-16', 'AS ST JULIEN', 'EN ST AVOLD 2', 0, 0, 0, '00:00:00', '', '', '00:00:00', 'TSUTTER', CURRENT_TIMESTAMP),
(140, '2020-05-24', 'SR CREUTZWALD', 'AS ST JULIEN', 0, 0, 0, '00:00:00', '', '', '00:00:00', 'TSUTTER', CURRENT_TIMESTAMP),
(140, '2020-06-06', 'AS ST JULIEN', 'US VALMONT', 0, 0, 0, '00:00:00', '', '', '00:00:00', 'TSUTTER', CURRENT_TIMESTAMP),
(140, '2020-06-14', 'CA BOULAY 2', 'AS ST JULIEN', 0, 0, 0, '00:00:00', '', '', '00:00:00', 'TSUTTER', CURRENT_TIMESTAMP);

-- Championnat Sénior B - D1 Groupe B
INSERT INTO `rencontre` (`COMPETITION`, `JOUR`, `EQUIPE_DOM`, `EQUIPE_EXT`, `SCORE_DOM`, `SCORE_EXT`, `STATUT`, `HEURE_RDV`, `LIEU_RDV`, `COMMENTAIRE_RDV`, `HEURE_MATCH`, `AUTEUR_MAJ`, `DERNIERE_MAJ`) VALUES
(141, '2019-09-01', 'CUVRY EXCELSIOR', 'AS ST JULIEN 2', 0, 0, 0, '00:00:00', '', '', '00:00:00', 'TSUTTER', CURRENT_TIMESTAMP),
(141, '2019-09-08', 'AS ST JULIEN 2', 'APM METZ 3', 0, 0, 0, '00:00:00', '', '', '00:00:00', 'TSUTTER', CURRENT_TIMESTAMP),
(141, '2019-09-15', 'FC YUTZ 2', 'AS ST JULIEN 2', 0, 0, 0, '00:00:00', '', '', '00:00:00', 'TSUTTER', CURRENT_TIMESTAMP),
(141, '2019-09-22', 'AS ST JULIEN 2', 'ES MARANGE', 0, 0, 0, '00:00:00', '', '', '00:00:00', 'TSUTTER', CURRENT_TIMESTAMP),
(141, '2019-10-06', 'AS CLOUANGE 2', 'AS ST JULIEN 2', 0, 0, 0, '00:00:00', '', '', '00:00:00', 'TSUTTER', CURRENT_TIMESTAMP),
(141, '2019-10-13', 'AS ST JULIEN 2', 'US FROIDCUL', 0, 0, 0, '00:00:00', '', '', '00:00:00', 'TSUTTER', CURRENT_TIMESTAMP),
(141, '2019-10-20', 'ES GANDRANGE 2', 'AS ST JULIEN 2', 0, 0, 0, '00:00:00', '', '', '00:00:00', 'TSUTTER', CURRENT_TIMESTAMP),
(141, '2019-10-27', 'AS ST JULIEN 2', 'FC COUME', 0, 0, 0, '00:00:00', '', '', '00:00:00', 'TSUTTER', CURRENT_TIMESTAMP),
(141, '2019-11-10', 'CA BOULAY 3', 'AS JULIEN 2', 0, 0, 0, '00:00:00', '', '', '00:00:00', 'TSUTTER', CURRENT_TIMESTAMP),
(141, '2019-11-17', 'AS ST JULIEN 2', 'ES COURCELLES SUR NIED', 0, 0, 0, '00:00:00', '', '', '00:00:00', 'TSUTTER', CURRENT_TIMESTAMP),
(141, '2019-11-24', 'AS ST JULIEN 2', 'JS ARS LAQUENEXY', 0, 0, 0, '00:00:00', '', '', '00:00:00', 'TSUTTER', CURRENT_TIMESTAMP),
(141, '2020-03-08', 'APM METZ 3', 'AS ST JULIEN 2', 0, 0, 0, '00:00:00', '', '', '00:00:00', 'TSUTTER', CURRENT_TIMESTAMP),
(141, '2020-03-15', 'AS ST JULIEN 2', 'FC YUTZ 2', 0, 0, 0, '00:00:00', '', '', '00:00:00', 'TSUTTER', CURRENT_TIMESTAMP),
(141, '2020-03-22', 'ES MARANGE', 'AS ST JULIEN 2', 0, 0, 0, '00:00:00', '', '', '00:00:00', 'TSUTTER', CURRENT_TIMESTAMP),
(141, '2020-04-05', 'AS CLOUANGE 2', 'AS ST JULIEN 2', 0, 0, 0, '00:00:00', '', '', '00:00:00', 'TSUTTER', CURRENT_TIMESTAMP),
(141, '2020-04-19', 'US FROIDCUL', 'AS ST JULIEN 2', 0, 0, 0, '00:00:00', '', '', '00:00:00', 'TSUTTER', CURRENT_TIMESTAMP),
(141, '2020-04-26', 'AS ST JULIEN 2', 'ES GANDRANGE 2', 0, 0, 0, '00:00:00', '', '', '00:00:00', 'TSUTTER', CURRENT_TIMESTAMP),
(141, '2020-05-03', 'FC COUME', 'AS ST JULIEN 2', 0, 0, 0, '00:00:00', '', '', '00:00:00', 'TSUTTER', CURRENT_TIMESTAMP),
(141, '2020-05-10', 'AS ST JULIEN 2', 'CA BOULAY 3', 0, 0, 0, '00:00:00', '', '', '00:00:00', 'TSUTTER', CURRENT_TIMESTAMP),
(141, '2020-05-17', 'ES COURCELLES SUR NIED', 'AS ST JULIEN 2', 0, 0, 0, '00:00:00', '', '', '00:00:00', 'TSUTTER', CURRENT_TIMESTAMP),
(141, '2020-05-24', 'JS ARS LAQUENEXY', 'AS ST JULIEN 2', 0, 0, 0, '00:00:00', '', '', '00:00:00', 'TSUTTER', CURRENT_TIMESTAMP),
(141, '2020-06-07', 'AS ST JULIEN 2', 'CUVRY EXCELSIOR', 0, 0, 0, '00:00:00', '', '', '00:00:00', 'TSUTTER', CURRENT_TIMESTAMP);

-- Championnat Sénior C - D2 Groupe B
INSERT INTO `rencontre` (`COMPETITION`, `JOUR`, `EQUIPE_DOM`, `EQUIPE_EXT`, `SCORE_DOM`, `SCORE_EXT`, `STATUT`, `HEURE_RDV`, `LIEU_RDV`, `COMMENTAIRE_RDV`, `HEURE_MATCH`, `AUTEUR_MAJ`, `DERNIERE_MAJ`) VALUES
(142, '2019-09-01', 'SC MARLY 2', 'AS ST JULIEN 3', 0, 0, 0, '00:00:00', '', '', '00:00:00', 'TSUTTER', CURRENT_TIMESTAMP),
(142, '2019-09-08', 'AJ METZ BOCANDE', 'AS ST JULIEN 3', 0, 0, 0, '00:00:00', '', '', '00:00:00', 'TSUTTER', CURRENT_TIMESTAMP),
(142, '2019-09-15', 'AS ST JULIEN 3', 'RS LA MAXE', 0, 0, 0, '00:00:00', '', '', '00:00:00', 'TSUTTER', CURRENT_TIMESTAMP),
(142, '2019-09-22', 'US CHATEL 2', 'AS ST JULIEN 3', 0, 0, 0, '00:00:00', '', '', '00:00:00', 'TSUTTER', CURRENT_TIMESTAMP),
(142, '2019-10-06', 'AS ST JULIEN 3', 'UL PLANTIERES 2', 0, 0, 0, '00:00:00', '', '', '00:00:00', 'TSUTTER', CURRENT_TIMESTAMP),
(142, '2019-10-13', 'FC DEVANT LES PONTS 2', 'AS ST JULIEN 3', 0, 0, 0, '00:00:00', '', '', '00:00:00', 'TSUTTER', CURRENT_TIMESTAMP),
(142, '2019-10-20', 'AS ST JULIEN 3', 'DELME SOLGNE 2', 0, 0, 0, '00:00:00', '', '', '00:00:00', 'TSUTTER', CURRENT_TIMESTAMP),
(142, '2019-11-10', 'AS ST JULIEN 3', 'VERNY LOUVIGNY', 0, 0, 0, '00:00:00', '', '', '00:00:00', 'TSUTTER', CURRENT_TIMESTAMP),
(142, '2019-11-17', 'FC WOIPPY', 'AS ST JULIEN 3', 0, 0, 0, '00:00:00', '', '', '00:00:00', 'TSUTTER', CURRENT_TIMESTAMP),
(142, '2019-11-24', 'AS ST JULIEN 3', 'METZ ACLI', 0, 0, 0, '00:00:00', '', '', '00:00:00', 'TSUTTER', CURRENT_TIMESTAMP),
(142, '2019-12-01', 'METZ CONQUISTADORS', 'AS ST JULIEN 3', 0, 0, 0, '00:00:00', '', '', '00:00:00', 'TSUTTER', CURRENT_TIMESTAMP),
(142, '2019-12-08', 'AS ST JULIEN 3', 'AS CORNY', 0, 0, 0, '00:00:00', '', '', '00:00:00', 'TSUTTER', CURRENT_TIMESTAMP),
(142, '2019-12-15', 'AS ST JULIEN 3', 'AJ METZ BOCANDE', 0, 0, 0, '00:00:00', '', '', '00:00:00', 'TSUTTER', CURRENT_TIMESTAMP),
(142, '2020-03-08', 'RS LA MAXE', 'AS ST JULIEN 3', 0, 0, 0, '00:00:00', '', '', '00:00:00', 'TSUTTER', CURRENT_TIMESTAMP),
(142, '2020-03-15', 'AS ST JULIEN 3', 'US CHATEL 2', 0, 0, 0, '00:00:00', '', '', '00:00:00', 'TSUTTER', CURRENT_TIMESTAMP),
(142, '2020-03-22', 'UL PLANTIERES 2', 'AS ST JULIEN 3', 0, 0, 0, '00:00:00', '', '', '00:00:00', 'TSUTTER', CURRENT_TIMESTAMP),
(142, '2020-03-29', 'AS ST JULIEN 3', 'FC DEVANT LES PONTS 2', 0, 0, 0, '00:00:00', '', '', '00:00:00', 'TSUTTER', CURRENT_TIMESTAMP),
(142, '2020-04-05', 'DELME SOLGNE 2', 'AS ST JULIEN 3', 0, 0, 0, '00:00:00', '', '', '00:00:00', 'TSUTTER', CURRENT_TIMESTAMP),
(142, '2020-04-26', 'VERNY LOUVIGNY', 'AS ST JULIEN 3', 0, 0, 0, '00:00:00', '', '', '00:00:00', 'TSUTTER', CURRENT_TIMESTAMP),
(142, '2020-05-03', 'AS ST JULIEN 3', 'FC WOIPPY', 0, 0, 0, '00:00:00', '', '', '00:00:00', 'TSUTTER', CURRENT_TIMESTAMP),
(142, '2020-05-10', 'METZ ACLI', 'AS ST JULIEN 3', 0, 0, 0, '00:00:00', '', '', '00:00:00', 'TSUTTER', CURRENT_TIMESTAMP),
(142, '2020-05-17', 'AS ST JULIEN 3', 'METZ CONQUITADORS', 0, 0, 0, '00:00:00', '', '', '00:00:00', 'TSUTTER', CURRENT_TIMESTAMP),
(142, '2020-05-24', 'AS CORNY', 'AS ST JULIEN 3', 0, 0, 0, '00:00:00', '', '', '00:00:00', 'TSUTTER', CURRENT_TIMESTAMP),
(142, '2020-06-07', 'AS SY JULIEN 3', 'SC MARLY 2', 0, 0, 0, '00:00:00', '', '', '00:00:00', 'TSUTTER', CURRENT_TIMESTAMP);

-- Championnat Sénior D - D4 Groupe H
INSERT INTO `rencontre` (`COMPETITION`, `JOUR`, `EQUIPE_DOM`, `EQUIPE_EXT`, `SCORE_DOM`, `SCORE_EXT`, `STATUT`, `HEURE_RDV`, `LIEU_RDV`, `COMMENTAIRE_RDV`, `HEURE_MATCH`, `AUTEUR_MAJ`, `DERNIERE_MAJ`) VALUES
(147, '2019-09-01', 'AS ST JULIEN 4', 'AS MONTIGNY 3', 0, 0, 0, '00:00:00', '', '', '00:00:00', 'TSUTTER', CURRENT_TIMESTAMP),
(147, '2019-09-08', 'AS ST JULIEN 4', 'FC ARS SUR MOSELLE 2', 0, 0, 0, '00:00:00', '', '', '00:00:00', 'TSUTTER', CURRENT_TIMESTAMP),
(147, '2019-09-15', 'FC VERNEVILLE 2', 'AS ST JULIEN 4', 0, 0, 0, '00:00:00', '', '', '00:00:00', 'TSUTTER', CURRENT_TIMESTAMP),
(147, '2019-09-22', 'AS ST JULIEN 4', 'METZ JEUNESSE 2', 0, 0, 0, '00:00:00', '', '', '00:00:00', 'TSUTTER', CURRENT_TIMESTAMP),
(147, '2019-10-06', 'METZ CONQUISTADORS 3', 'AS ST JULIEN 4', 0, 0, 0, '00:00:00', '', '', '00:00:00', 'TSUTTER', CURRENT_TIMESTAMP),
(147, '2019-10-13', 'AS ST JULIEN 4', 'MARIEULLES VEZON 2', 0, 0, 0, '00:00:00', '', '', '00:00:00', 'TSUTTER', CURRENT_TIMESTAMP),
(147, '2019-10-20', 'CSJ AUGNY 2', 'AS ST JULIEN 4', 0, 0, 0, '00:00:00', '', '', '00:00:00', 'TSUTTER', CURRENT_TIMESTAMP),
(147, '2019-10-27', 'AS ST JULIEN 4', 'RS LA MAXE 3', 0, 0, 0, '00:00:00', '', '', '00:00:00', 'TSUTTER', CURRENT_TIMESTAMP),
(147, '2019-11-10', 'AS CORNY 3', 'AS ST JULIEN 4', 0, 0, 0, '00:00:00', '', '', '00:00:00', 'TSUTTER', CURRENT_TIMESTAMP);

/* 07/09/2019 */
INSERT INTO division (id, libelle, categorie, auteur_maj, derniere_maj) VALUES
(30, 'D3', 4, 'TSUTTER', CURRENT_TIMESTAMP);
INSERT INTO `competition` (`id`, `LIBELLE`, `TYPE_COMPETITION`, `CATEGORIE`, `DIVISION`, `SAISON`, `EQUIPE`, `ACTIF`, `AUTEUR_MAJ`, `DERNIERE_MAJ`) VALUES
(148, 'U13 D3 GROUPE H', 11, 4, 30, 6, 4, 1, 'TSUTTER', CURRENT_TIMESTAMP),

-- Championnat U13 - Promotion Groupe C
INSERT INTO `rencontre` (`COMPETITION`, `JOUR`, `EQUIPE_DOM`, `EQUIPE_EXT`, `SCORE_DOM`, `SCORE_EXT`, `STATUT`, `HEURE_RDV`, `LIEU_RDV`, `COMMENTAIRE_RDV`, `HEURE_MATCH`, `AUTEUR_MAJ`, `DERNIERE_MAJ`) VALUES
(148, '2019-09-14', 'AS ST JULIEN', 'APM METZ 3', 0, 0, 0, '00:00:00', '', '', '00:00:00', 'TSUTTER', CURRENT_TIMESTAMP),
(148, '2019-09-28', 'HAUT PLATEAU MESSIN', 'AS ST JULIEN', 0, 0, 0, '00:00:00', '', '', '00:00:00', 'TSUTTER', CURRENT_TIMESTAMP),
(148, '2019-10-05', 'AS ST JULIEN', 'US BAN ST MARTIN 2', 0, 0, 0, '00:00:00', '', '', '00:00:00', 'TSUTTER', CURRENT_TIMESTAMP),
(148, '2019-10-19', 'US CHATEL', 'AS ST JULIEN', 0, 0, 0, '00:00:00', '', '', '00:00:00', 'TSUTTER', CURRENT_TIMESTAMP),
(148, '2019-11-09', 'AS ST JULLIEN', 'FC DEVANT LES PONTS 3', 0, 0, 0, '00:00:00', '', '', '00:00:00', 'TSUTTER', CURRENT_TIMESTAMP),
(148, '2019-11-16', 'METZ US ACLI', 'AS ST JULIEN', 0, 0, 0, '00:00:00', '', '', '00:00:00', 'TSUTTER', CURRENT_TIMESTAMP),
(148, '2019-11-23', 'AS ST JULIEN', 'ES WOIPPY 2', 0, 0, 0, '00:00:00', '', '', '00:00:00', 'TSUTTER', CURRENT_TIMESTAMP);


INSERT INTO division (id, libelle, categorie, auteur_maj, derniere_maj) VALUES
(31, 'MOSELLE D1', 5, 'TSUTTER', CURRENT_TIMESTAMP);
INSERT INTO `competition` (`id`, `LIBELLE`, `TYPE_COMPETITION`, `CATEGORIE`, `DIVISION`, `SAISON`, `EQUIPE`, `ACTIF`, `AUTEUR_MAJ`, `DERNIERE_MAJ`) VALUES
(149, 'U15 D1 GROUPE C', 10, 5, 31, 6, 3, 1, 'TSUTTER', CURRENT_TIMESTAMP);
-- Championnat U15 - Moselle D1 Groupe C
INSERT INTO `rencontre` (`COMPETITION`, `JOUR`, `EQUIPE_DOM`, `EQUIPE_EXT`, `SCORE_DOM`, `SCORE_EXT`, `STATUT`, `HEURE_RDV`, `LIEU_RDV`, `COMMENTAIRE_RDV`, `HEURE_MATCH`, `AUTEUR_MAJ`, `DERNIERE_MAJ`) VALUES
(149, '2019-09-14', 'AS ST JULIEN', 'UL PLANTIERES', 0, 0, 0, '00:00:00', '', '', '00:00:00', 'TSUTTER', CURRENT_TIMESTAMP),
(149, '2019-09-21', 'VERNY LOUVIGNY CUVRY', 'AS ST JULIEN', 0, 0, 0, '00:00:00', '', '', '00:00:00', 'TSUTTER', CURRENT_TIMESTAMP),
(149, '2019-10-05', 'CA BOULAY', 'AS ST JULIEN', 0, 0, 0, '00:00:00', '', '', '00:00:00', 'TSUTTER', CURRENT_TIMESTAMP),
(149, '2019-10-12', 'AS ST JULIEN', 'FC NOVEANT', 0, 0, 0, '00:00:00', '', '', '00:00:00', 'TSUTTER', CURRENT_TIMESTAMP),
(149, '2019-11-09', 'FC DEVANT LES PONTS', 'AS ST JULIEN', 0, 0, 0, '00:00:00', '', '', '00:00:00', 'TSUTTER', CURRENT_TIMESTAMP),
(149, '2019-11-16', 'AS ST JULIEN', 'ES WOIPPY', 0, 0, 0, '00:00:00', '', '', '00:00:00', 'TSUTTER', CURRENT_TIMESTAMP),
(149, '2019-11-23', 'AS ST JULIEN', 'RS AMANVILLERS', 0, 0, 0, '00:00:00', '', '', '00:00:00', 'TSUTTER', CURRENT_TIMESTAMP),
(149, '2019-11-30', 'RS MAGNY 2', 'AS ST JULIEN', 0, 0, 0, '00:00:00', '', '', '00:00:00', 'TSUTTER', CURRENT_TIMESTAMP);


INSERT INTO division (id, libelle, categorie, auteur_maj, derniere_maj) VALUES
(32, 'MOSELLE D1', 6, 'TSUTTER', CURRENT_TIMESTAMP);
INSERT INTO `competition` (`id`, `LIBELLE`, `TYPE_COMPETITION`, `CATEGORIE`, `DIVISION`, `SAISON`, `EQUIPE`, `ACTIF`, `AUTEUR_MAJ`, `DERNIERE_MAJ`) VALUES
(150, 'U17 D1 GROUPE B', 10, 6, 32, 6, 20, 1, 'TSUTTER', CURRENT_TIMESTAMP);
-- Championnat U15 - Moselle D1 Groupe C
INSERT INTO `rencontre` (`COMPETITION`, `JOUR`, `EQUIPE_DOM`, `EQUIPE_EXT`, `SCORE_DOM`, `SCORE_EXT`, `STATUT`, `HEURE_RDV`, `LIEU_RDV`, `COMMENTAIRE_RDV`, `HEURE_MATCH`, `AUTEUR_MAJ`, `DERNIERE_MAJ`) VALUES
(150, '2019-09-14', 'SR CREUTZWALD', 'AS ST JULIEN', 0, 0, 0, '00:00:00', '', '', '00:00:00', 'TSUTTER', CURRENT_TIMESTAMP),
(150, '2019-09-21', 'AS ST JULIEN', 'METZ ESAP', 0, 0, 0, '00:00:00', '', '', '00:00:00', 'TSUTTER', CURRENT_TIMESTAMP),
(150, '2019-09-28', 'SC MARLY', 'AS ST JULIEN', 0, 0, 0, '00:00:00', '', '', '00:00:00', 'TSUTTER', CURRENT_TIMESTAMP),
(150, '2019-10-05', 'SC MOULINS', 'AS ST JULIEN', 0, 0, 0, '00:00:00', '', '', '00:00:00', 'TSUTTER', CURRENT_TIMESTAMP),
(150, '2019-10-12', 'AS ST JULIEN', 'AS MONTIGNY LES METZ', 0, 0, 0, '00:00:00', '', '', '00:00:00', 'TSUTTER', CURRENT_TIMESTAMP),
(150, '2019-11-09', 'ES BECHY', 'AS ST JULIEN', 0, 0, 0, '00:00:00', '', '', '00:00:00', 'TSUTTER', CURRENT_TIMESTAMP),
(150, '2019-11-16', 'AS ST JULIEN', 'FC NOVEANT', 0, 0, 0, '00:00:00', '', '', '00:00:00', 'TSUTTER', CURRENT_TIMESTAMP),
(150, '2019-11-23', 'EN ST AVOLD 2', 'AS ST JULIEN', 0, 0, 0, '00:00:00', '', '', '00:00:00', 'TSUTTER', CURRENT_TIMESTAMP),
(150, '2019-11-30', 'AS ST JULIEN', 'VERNY LOUVIGNY', 0, 0, 0, '00:00:00', '', '', '00:00:00', 'TSUTTER', CURRENT_TIMESTAMP);


INSERT INTO CATEGORIE (ID, LIBELLE, ANNEE_DEBUT, ANNEE_FIN, AUTEUR_MAJ, DERNIERE_MAJ) VALUES (11, 'U18', '2001', '2002', 'TSUTTER', CURRENT_TIMESTAMP);
INSERT INTO EQUIPE (ID, CATEGORIE, LIBELLE, AUTEUR_MAJ, DERNIERE_MAJ) VALUES (27, 11, 'U18', 'TSUTTER', CURRENT_TIMESTAMP);
INSERT INTO TYPE_COMPETITION (ID, LIBELLE, CATEGORIE, AUTEUR_MAJ, DERNIERE_MAJ) VALUES (46, 'CHAMPIONNAT', 11, 'TSUTTER', CURRENT_TIMESTAMP);
INSERT INTO division (id, libelle, categorie, auteur_maj, derniere_maj) VALUES
(33, 'MOSELLE D1', 11, 'TSUTTER', CURRENT_TIMESTAMP);
INSERT INTO `competition` (`id`, `LIBELLE`, `TYPE_COMPETITION`, `CATEGORIE`, `DIVISION`, `SAISON`, `EQUIPE`, `ACTIF`, `AUTEUR_MAJ`, `DERNIERE_MAJ`) VALUES
(151, 'U18 D1 GROUPE B', 46, 11, 33, 6, 27, 1, 'TSUTTER', CURRENT_TIMESTAMP);
INSERT INTO `rencontre` (`COMPETITION`, `JOUR`, `EQUIPE_DOM`, `EQUIPE_EXT`, `SCORE_DOM`, `SCORE_EXT`, `STATUT`, `HEURE_RDV`, `LIEU_RDV`, `COMMENTAIRE_RDV`, `HEURE_MATCH`, `AUTEUR_MAJ`, `DERNIERE_MAJ`) VALUES
(151, '2019-09-14', 'AS ST JULIEN', 'FC DEVANT LES PONTS', 0, 0, 0, '00:00:00', '', '', '00:00:00', 'TSUTTER', CURRENT_TIMESTAMP),
(151, '2019-09-28', 'AS ST JULIEN', 'FC FLORANGE 2', 0, 0, 0, '00:00:00', '', '', '00:00:00', 'TSUTTER', CURRENT_TIMESTAMP),
(151, '2019-10-05', 'AS ST JULIEN', 'FC YUTZ', 0, 0, 0, '00:00:00', '', '', '00:00:00', 'TSUTTER', CURRENT_TIMESTAMP),
(151, '2019-10-12', 'AS TALANGE', 'AS ST JULIEN', 0, 0, 0, '00:00:00', '', '', '00:00:00', 'TSUTTER', CURRENT_TIMESTAMP),
(151, '2019-11-16', 'FC FLORANGE 2', 'AS ST JULIEN', 0, 0, 0, '00:00:00', '', '', '00:00:00', 'TSUTTER', CURRENT_TIMESTAMP),
(151, '2019-11-23', 'FC YUTZ', 'AS ST JULIEN', 0, 0, 0, '00:00:00', '', '', '00:00:00', 'TSUTTER', CURRENT_TIMESTAMP),
(151, '2019-11-30', 'AS ST JULIEN', 'AS TALANGE', 0, 0, 0, '00:00:00', '', '', '00:00:00', 'TSUTTER', CURRENT_TIMESTAMP),
(151, '2019-12-07', 'FC DEVANT LES PONTS', 'AS ST JULIEN', 0, 0, 0, '00:00:00', '', '', '00:00:00', 'TSUTTER', CURRENT_TIMESTAMP);


/*
(151, 'COUPE DE LORRAINE', 31, 6, 0, 6, 20, 1, 'TSUTTER', CURRENT_TIMESTAMP),
(152, 'COUPE DE LORRAINE', 6, 5, 0, 6, 3, 1, 'TSUTTER', CURRENT_TIMESTAMP),
(153, 'COUPE DE MOSELLE', 32, 6, 0, 6, 20, 1, 'TSUTTER', CURRENT_TIMESTAMP),
(154, 'COUPE DE MOSELLE', 7, 5, 0, 6, 3, 1, 'TSUTTER', CURRENT_TIMESTAMP),
(155, 'COUPE DES RéSERVES', 26, 5, 0, 6, 24, 1, 'TSUTTER', CURRENT_TIMESTAMP),
(156, 'PLATEAU', 12, 3, 29, 6, 14, 1, 'TSUTTER', CURRENT_TIMESTAMP),
(157, 'PLATEAU', 12, 3, 29, 6, 15, 1, 'TSUTTER', CURRENT_TIMESTAMP);
*/

/*
-- Championnat U19 - Moselle Groupe C
INSERT INTO `rencontre` (`COMPETITION`, `JOUR`, `EQUIPE_DOM`, `EQUIPE_EXT`, `SCORE_DOM`, `SCORE_EXT`, `STATUT`, `HEURE_RDV`, `LIEU_RDV`, `COMMENTAIRE_RDV`, `HEURE_MATCH`, `AUTEUR_MAJ`, `DERNIERE_MAJ`) VALUES
(157, '2018-09-15', 'ES WOIPPY', 'ST JULIEN', 0, 0, 0, '00:00:00', '', '', '00:00:00', 'TSUTTER', CURRENT_TIMESTAMP),
(157, '2018-09-29', 'ST JULIEN', 'ES METZ', 0, 0, 0, '00:00:00', '', '', '00:00:00', 'TSUTTER', CURRENT_TIMESTAMP),
(157, '2018-10-06', 'SC MARLY', 'ST JULIEN', 0, 0, 0, '00:00:00', '', '', '00:00:00', 'TSUTTER', CURRENT_TIMESTAMP),
(157, '2018-10-27', 'DELME SOLGNE', 'ST JULIEN', 0, 0, 0, '00:00:00', '', '', '00:00:00', 'TSUTTER', CURRENT_TIMESTAMP),
(157, '2018-11-03', 'ST JULIEN', 'ES WOIPPY', 0, 0, 0, '00:00:00', '', '', '00:00:00', 'TSUTTER', CURRENT_TIMESTAMP),
(157, '2018-11-10', 'ES METZ', 'ST JULIEN', 0, 0, 0, '00:00:00', '', '', '00:00:00', 'TSUTTER', CURRENT_TIMESTAMP),
(157, '2018-11-24', 'ST JULIEN', 'SC MARLY', 0, 0, 0, '00:00:00', '', '', '00:00:00', 'TSUTTER', CURRENT_TIMESTAMP),
(157, '2018-12-01', 'EXEMPT', 'ST JULIEN', 0, 0, 0, '00:00:00', '', '', '00:00:00', 'TSUTTER', CURRENT_TIMESTAMP),
(157, '2018-12-08', 'ST JULIEN', 'DELME-SOLGNE', 0, 0, 0, '00:00:00', '', '', '00:00:00', 'TSUTTER', CURRENT_TIMESTAMP),
(157, '2018-10-20', 'ST JULIEN', 'EXEMPT', 0, 0, 0, '00:00:00', '', '', '00:00:00', 'TSUTTER', CURRENT_TIMESTAMP);
*/

/*
-- Coupe des réserves
INSERT INTO `rencontre` (`COMPETITION`, `JOUR`, `EQUIPE_DOM`, `EQUIPE_EXT`, `SCORE_DOM`, `SCORE_EXT`, `STATUT`, `HEURE_RDV`, `LIEU_RDV`, `COMMENTAIRE_RDV`, `HEURE_MATCH`, `AUTEUR_MAJ`, `DERNIERE_MAJ`) VALUES
(126, '2018-09-16', 'ST JULIEN', 'FC TREMERY 3', 0, 0, 0, '00:00:00', '', '', '00:00:00', 'TSUTTER', CURRENT_TIMESTAMP);
*/





