-- désactivation de la saison précédente
update saison set etat=0 where libelle='2020 / 2021';
-- création de la nouvelle saison
INSERT INTO `saison` (`id`, `LIBELLE`, `ETAT`, `AUTEUR_MAJ`, `DERNIERE_MAJ`) VALUES (8, '2021 / 2022', 1, 'TSUTTER', CURRENT_TIMESTAMP);

-- mise à jour des années de naissance des catégories
update categorie set annee_debut=annee_debut+2, annee_fin=annee_fin+2, auteur_maj='TSUTTER', derniere_maj=CURRENT_TIMESTAMP;
update sous_categorie set annee=annee+2, auteur_maj='TSUTTER', derniere_maj=CURRENT_TIMESTAMP;

commit;

-- création des compétitions
INSERT INTO `competition` (`id`, `LIBELLE`, `TYPE_COMPETITION`, `CATEGORIE`, `DIVISION`, `SAISON`, `EQUIPE`, `ACTIF`, `AUTEUR_MAJ`, `DERNIERE_MAJ`) VALUES
(167, 'REGIONAL 2 GROUPE D', 1, 9, 7, 8, 1, 1, 'TSUTTER', CURRENT_TIMESTAMP),
(168, 'D2 GROUPE D', 1, 9, 11, 8, 2, 1, 'TSUTTER', CURRENT_TIMESTAMP),
(169, 'D3 GROUPE G', 1, 9, 12, 8, 19, 1, 'TSUTTER', CURRENT_TIMESTAMP),
(170, 'COUPE DE FRANCE', 2, 9, 0, 8, 1, 1, 'TSUTTER', CURRENT_TIMESTAMP),
(171, 'COUPE DE LORRAINE', 3, 9, 0, 8, 1, 1, 'TSUTTER', CURRENT_TIMESTAMP),
(172, 'COUPE DE MOSELLE', 4, 9, 0, 8, 2, 1, 'TSUTTER', CURRENT_TIMESTAMP),
(173, 'COUPE DES EQUIPES RESERVES', 5, 9, 0, 8, 19, 1, 'TSUTTER', CURRENT_TIMESTAMP),
(174, 'D4 GROUPE H', 1, 9, 13, 8, 26, 1, 'TSUTTER', CURRENT_TIMESTAMP),
(175, 'Moselle GROUPE ', 1, 9, 13, 8, 28, 1, 'TSUTTER', CURRENT_TIMESTAMP),
(176, 'U13', 11, 4, 30, 8, 4, 1, 'TSUTTER', CURRENT_TIMESTAMP),
(177, 'U15', 10, 5, 31, 8, 3, 1, 'TSUTTER', CURRENT_TIMESTAMP),
(178, 'U17', 10, 6, 32, 8, 20, 1, 'TSUTTER', CURRENT_TIMESTAMP),
(179, 'U18', 46, 11, 33, 8, 27, 1, 'TSUTTER', CURRENT_TIMESTAMP),
(180, 'COUPE DE FRANCE FEM', 2, 9, 0, 8, 28, 1, 'TSUTTER', CURRENT_TIMESTAMP),
(181, 'COUPE DE MOSELLE FEM', 4, 9, 0, 8, 28, 1, 'TSUTTER', CURRENT_TIMESTAMP),
(182, 'D1 GROUPE ', 1, 9, 0, 8, 28, 1, 'TSUTTER', CURRENT_TIMESTAMP)
;
commit;

-- on passe toutes les rencontres de la saison passée au statut "effectué"
update rencontre set statut = 1, auteur_maj='TSUTTER' where competition < 167 and statut = 0 ;

commit;

-- Séniors Régional 2
insert into groupe (ID, LIBELLE, COMPETITION, EQUIPE, AUTEUR, DERNIERE_MAJ) values 
(44, 'Régionale 2 Groupe D', 167, 'RS AMANVILLERS', 'TSUTTER', CURRENT_TIMESTAMP),
(45, 'Régionale 2 Groupe D', 167, 'CS BLENOD', 'TSUTTER', CURRENT_TIMESTAMP),
(46, 'Régionale 2 Groupe D', 167, 'ES GANDRANGE', 'TSUTTER', CURRENT_TIMESTAMP),
(47, 'Régionale 2 Groupe D', 167, 'RS MAGNY', 'TSUTTER', CURRENT_TIMESTAMP),
(48, 'Régionale 2 Groupe D', 167, 'APM METZ 2', 'TSUTTER', CURRENT_TIMESTAMP),
(49, 'Régionale 2 Groupe D', 167, 'METZ ESAP', 'TSUTTER', CURRENT_TIMESTAMP),
(50, 'Régionale 2 Groupe D', 167, 'CSO AMNEVILLE 2', 'TSUTTER', CURRENT_TIMESTAMP),
(51, 'Régionale 2 Groupe D', 167, 'AS MONTIGNY LES METZ', 'TSUTTER', CURRENT_TIMESTAMP),
(52, 'Régionale 2 Groupe D', 167, 'FC PONT A MOUSSON', 'TSUTTER', CURRENT_TIMESTAMP),
(53, 'Régionale 2 Groupe D', 167, 'AS ST JULIEN LES METZ', 'TSUTTER', CURRENT_TIMESTAMP),
(54, 'Régionale 2 Groupe D', 167, 'USAG UCKANGE', 'TSUTTER', CURRENT_TIMESTAMP),
(55, 'Régionale 2 Groupe D', 167, 'FC HAGONDANGE', 'TSUTTER', CURRENT_TIMESTAMP)
;

commit;

-- Séniors D2
insert into groupe (ID, LIBELLE, COMPETITION, EQUIPE, AUTEUR, DERNIERE_MAJ) values 
(56, '2ème Division Groupe D', 168, 'AS CORNY', 'TSUTTER', CURRENT_TIMESTAMP),
(57, '2ème Division Groupe D', 168, 'EF DELME SOLGNE 2', 'TSUTTER', CURRENT_TIMESTAMP),
(58, '2ème Division Groupe D', 168, 'FC DEVANT LES PONTS 2', 'TSUTTER', CURRENT_TIMESTAMP),
(59, '2ème Division Groupe D', 168, 'FC FLEURY', 'TSUTTER', CURRENT_TIMESTAMP),
(60, '2ème Division Groupe D', 168, 'EXEMPT', 'TSUTTER', CURRENT_TIMESTAMP),
(61, '2ème Division Groupe D', 168, 'SC MARLY 2', 'TSUTTER', CURRENT_TIMESTAMP),
(62, '2ème Division Groupe D', 168, 'METZ ACLI', 'TSUTTER', CURRENT_TIMESTAMP),
(63, '2ème Division Groupe D', 168, 'AS MONTIGNY LES METZ 2', 'TSUTTER', CURRENT_TIMESTAMP),
(64, '2ème Division Groupe D', 168, 'SC MOULINS', 'TSUTTER', CURRENT_TIMESTAMP),
(65, '2ème Division Groupe D', 168, 'AS ST JULIEN LES METZ 2', 'TSUTTER', CURRENT_TIMESTAMP),
(66, '2ème Division Groupe D', 168, 'UL PLANTIERES 2', 'TSUTTER', CURRENT_TIMESTAMP),
(67, '2ème Division Groupe D', 168, 'FC WOIPPY', 'TSUTTER', CURRENT_TIMESTAMP)
;

commit;

-- Séniors D3
insert into groupe (ID, LIBELLE, COMPETITION, EQUIPE, AUTEUR, DERNIERE_MAJ) values 
(68, '3ème Division Groupe G', 169, 'FC DEVANT LES PONTS 3', 'TSUTTER', CURRENT_TIMESTAMP),
(69, '3ème Division Groupe G', 169, 'HAUCONCOURT 2', 'TSUTTER', CURRENT_TIMESTAMP),
(70, '3ème Division Groupe G', 169, 'AS LES COTEAUX 3', 'TSUTTER', CURRENT_TIMESTAMP),
(71, '3ème Division Groupe G', 169, 'MALROY', 'TSUTTER', CURRENT_TIMESTAMP),
(72, '3ème Division Groupe G', 169, 'US VIGY', 'TSUTTER', CURRENT_TIMESTAMP),
(73, '3ème Division Groupe G', 169, 'AS MONTIGNY LES METZ 3', 'TSUTTER', CURRENT_TIMESTAMP),
(74, '3ème Division Groupe G', 169, 'MONTOY FLANVILLE', 'TSUTTER', CURRENT_TIMESTAMP),
(75, '3ème Division Groupe G', 169, 'FC PIERREVILLERS 2', 'TSUTTER', CURRENT_TIMESTAMP),
(76, '3ème Division Groupe G', 169, 'LS VANTOUX', 'TSUTTER', CURRENT_TIMESTAMP),
(77, '3ème Division Groupe G', 169, 'AS ST JULIEN LES METZ 3', 'TSUTTER', CURRENT_TIMESTAMP),
(78, '3ème Division Groupe G', 169, 'ARS / MOSELLE', 'TSUTTER', CURRENT_TIMESTAMP),
(79, '3ème Division Groupe G', 169, 'FC HAGONDANGE 2', 'TSUTTER', CURRENT_TIMESTAMP)
;

commit;

-- Séniors D4
insert into groupe (ID, LIBELLE, COMPETITION, EQUIPE, AUTEUR, DERNIERE_MAJ) values 
(80, '4ème Division Groupe H', 170, 'METZ ATHLETIC FOOT', 'TSUTTER', CURRENT_TIMESTAMP),
(81, '4ème Division Groupe H', 170, 'US ARGANCY 2', 'TSUTTER', CURRENT_TIMESTAMP),
(82, '4ème Division Groupe H', 170, 'METZ JEUNESSE', 'TSUTTER', CURRENT_TIMESTAMP),
(83, '4ème Division Groupe H', 170, 'METZ GAB 2', 'TSUTTER', CURRENT_TIMESTAMP),
(84, '4ème Division Groupe H', 170, 'RS LA MAXE 2', 'TSUTTER', CURRENT_TIMESTAMP),
(85, '4ème Division Groupe H', 170, 'JS ARS LAQUENEXY 3', 'TSUTTER', CURRENT_TIMESTAMP),
(86, '4ème Division Groupe H', 170, 'US CHATEL CONQUISTADOR 3', 'TSUTTER', CURRENT_TIMESTAMP),
(87, '4ème Division Groupe H', 170, 'ES MARANGE 3', 'TSUTTER', CURRENT_TIMESTAMP),
(88, '4ème Division Groupe H', 170, 'AS ST JULIEN LES METZ 4', 'TSUTTER', CURRENT_TIMESTAMP),
(89, '4ème Division Groupe H', 170, 'EXEMPT', 'TSUTTER', CURRENT_TIMESTAMP)
;

commit;

-- Rencontres
-- Championnat Sénior A - Régional 2 Lorraine Groupe H
INSERT INTO `rencontre` (`COMPETITION`, `JOUR`, `EQUIPE_DOM`, `EQUIPE_EXT`, `SCORE_DOM`, `SCORE_EXT`, `STATUT`, `HEURE_RDV`, `LIEU_RDV`, `COMMENTAIRE_RDV`, `HEURE_MATCH`, `AUTEUR_MAJ`, `DERNIERE_MAJ`) VALUES
(167, '2021-08-29', 'AS ST JULIEN', 'FC PONT A MOUSSON', 0, 0, 0, '00:00:00', '', '', '00:00:00', 'TSUTTER', CURRENT_TIMESTAMP),
(167, '2021-09-05', 'FC HAGONDANGE', 'AS ST JULIEN', 0, 0, 0, '00:00:00', '', '', '00:00:00', 'TSUTTER', CURRENT_TIMESTAMP),
(167, '2021-09-12', 'ES GANDRANGE', 'AS ST JULIEN', 0, 0, 0, '00:00:00', '', '', '00:00:00', 'TSUTTER', CURRENT_TIMESTAMP),
(167, '2021-09-15', 'AS ST JULIEN', 'RS AMANVILLERS', 0, 0, 0, '00:00:00', '', '', '00:00:00', 'TSUTTER', CURRENT_TIMESTAMP),
(167, '2021-09-26', 'METZ ESAP', 'AS ST JULIEN', 0, 0, 0, '00:00:00', '', '', '00:00:00', 'TSUTTER', CURRENT_TIMESTAMP),
(167, '2021-10-09', 'AS ST JULIEN', 'RS MAGNY', 0, 0, 0, '00:00:00', '', '', '00:00:00', 'TSUTTER', CURRENT_TIMESTAMP),
(167, '2021-10-23', 'AS MONTIGNY LES METZ', 'AS ST JULIEN', 0, 0, 0, '00:00:00', '', '', '00:00:00', 'TSUTTER', CURRENT_TIMESTAMP),
(167, '2021-11-06', 'AS ST JULIEN', 'METZ APM 2', 0, 0, 0, '00:00:00', '', '', '00:00:00', 'TSUTTER', CURRENT_TIMESTAMP),
(167, '2021-11-13', 'AS ST JULIEN', 'USAG UCKANGE', 0, 0, 0, '00:00:00', '', '', '00:00:00', 'TSUTTER', CURRENT_TIMESTAMP),
(167, '2021-11-20', 'CS BLENOD', 'AS ST JULIEN', 0, 0, 0, '00:00:00', '', '', '00:00:00', 'TSUTTER', CURRENT_TIMESTAMP),
(167, '2021-12-04', 'AS ST JULIEN', 'CSO AMNEVILLE 2', 0, 0, 0, '00:00:00', '', '', '00:00:00', 'TSUTTER', CURRENT_TIMESTAMP),
(167, '2022-02-12', 'AS ST JULIEN', 'ES GANDRANGE', 0, 0, 0, '00:00:00', '', '', '00:00:00', 'TSUTTER', CURRENT_TIMESTAMP),
(167, '2022-02-27', 'RS AMANVILLERS', 'AS ST JULIEN', 0, 0, 0, '00:00:00', '', '', '00:00:00', 'TSUTTER', CURRENT_TIMESTAMP),
(167, '2022-03-05', 'AS ST JULIEN', 'METZ ESAP', 0, 0, 0, '00:00:00', '', '', '00:00:00', 'TSUTTER', CURRENT_TIMESTAMP),
(167, '2022-03-19', 'RS MAGNY', 'AS ST JULIEN', 0, 0, 0, '00:00:00', '', '', '00:00:00', 'TSUTTER', CURRENT_TIMESTAMP),
(167, '2022-04-02', 'AS ST JULIEN', 'AS MONTIGNY LES METZ', 0, 0, 0, '00:00:00', '', '', '00:00:00', 'TSUTTER', CURRENT_TIMESTAMP),
(167, '2022-04-09', 'METZ APM 2', 'AS ST JULIEN', 0, 0, 0, '00:00:00', '', '', '00:00:00', 'TSUTTER', CURRENT_TIMESTAMP),
(167, '2022-04-24', 'USAG UCKANGE', 'AS ST JULIEN', 0, 0, 0, '00:00:00', '', '', '00:00:00', 'TSUTTER', CURRENT_TIMESTAMP),
(167, '2022-04-30', 'AS ST JULIEN', 'CS BLENOD', 0, 0, 0, '00:00:00', '', '', '00:00:00', 'TSUTTER', CURRENT_TIMESTAMP),
(167, '2022-05-15', 'CSO AMNEVILLE 2', 'AS ST JULIEN', 0, 0, 0, '00:00:00', '', '', '00:00:00', 'TSUTTER', CURRENT_TIMESTAMP),
(167, '2022-05-22', 'AS ST JULIEN', 'FC HAGONDANGE', 0, 0, 0, '00:00:00', '', '', '00:00:00', 'TSUTTER', CURRENT_TIMESTAMP),
(167, '2022-05-29', 'FC PONT A MOUSSON', 'AS ST JULIEN', 0, 0, 0, '00:00:00', '', '', '00:00:00', 'TSUTTER', CURRENT_TIMESTAMP);

commit;

-- Championnat Sénior B - D2 Moselle Groupe D
INSERT INTO `rencontre` (`COMPETITION`, `JOUR`, `EQUIPE_DOM`, `EQUIPE_EXT`, `SCORE_DOM`, `SCORE_EXT`, `STATUT`, `HEURE_RDV`, `LIEU_RDV`, `COMMENTAIRE_RDV`, `HEURE_MATCH`, `AUTEUR_MAJ`, `DERNIERE_MAJ`) VALUES
(168, '2021-09-05', 'AS ST JULIEN', 'EF DELME SOLGNE 2', 0, 0, 0, '00:00:00', '', '', '00:00:00', 'TSUTTER', CURRENT_TIMESTAMP),
(168, '2021-09-19', 'AS MONTIGNY LES METZ 2', 'AS ST JULIEN', 0, 0, 0, '00:00:00', '', '', '00:00:00', 'TSUTTER', CURRENT_TIMESTAMP),
(168, '2021-09-26', 'AS ST JULIEN', 'FC WOIPPY', 0, 0, 0, '00:00:00', '', '', '00:00:00', 'TSUTTER', CURRENT_TIMESTAMP),
(168, '2021-10-03', 'EXEMPT', 'AS ST JULIEN', 0, 0, 0, '00:00:00', '', '', '00:00:00', 'TSUTTER', CURRENT_TIMESTAMP),
(168, '2021-10-10', 'AS ST JULIEN', 'UL PLANTIERES 2', 0, 0, 0, '00:00:00', '', '', '00:00:00', 'TSUTTER', CURRENT_TIMESTAMP),
(168, '2021-10-17', 'FC DEVANT LES PONTS 2', 'AS ST JULIEN', 0, 0, 0, '00:00:00', '', '', '00:00:00', 'TSUTTER', CURRENT_TIMESTAMP),
(168, '2021-10-24', 'AS ST JULIEN', 'AS CORNY', 0, 0, 0, '00:00:00', '', '', '00:00:00', 'TSUTTER', CURRENT_TIMESTAMP),
(168, '2021-11-07', 'METZ ACLI', 'AS ST JULIEN', 0, 0, 0, '00:00:00', '', '', '00:00:00', 'TSUTTER', CURRENT_TIMESTAMP),
(168, '2021-11-14', 'AS ST JULIEN', 'FC FLEURY', 0, 0, 0, '00:00:00', '', '', '00:00:00', 'TSUTTER', CURRENT_TIMESTAMP),
(168, '2021-11-21', 'SC MOULINS LES METZ', 'AS ST JULIEN', 0, 0, 0, '00:00:00', '', '', '00:00:00', 'TSUTTER', CURRENT_TIMESTAMP),
(168, '2021-11-28', 'AS ST JULIEN', 'SC MARLY 2', 0, 0, 0, '00:00:00', '', '', '00:00:00', 'TSUTTER', CURRENT_TIMESTAMP),
(168, '2022-03-06', 'AS ST JULIEN', 'AS MONTIGNY LES METZ 2', 0, 0, 0, '00:00:00', '', '', '00:00:00', 'TSUTTER', CURRENT_TIMESTAMP),
(168, '2022-03-13', 'FC WOIPPY', 'AS ST JULIEN', 0, 0, 0, '00:00:00', '', '', '00:00:00', 'TSUTTER', CURRENT_TIMESTAMP),
(168, '2022-03-20', 'AS ST JULIEN', 'EXEMPT', 0, 0, 0, '00:00:00', '', '', '00:00:00', 'TSUTTER', CURRENT_TIMESTAMP),
(168, '2022-03-27', 'UL PLANTIERES 2', 'AS ST JULIEN', 0, 0, 0, '00:00:00', '', '', '00:00:00', 'TSUTTER', CURRENT_TIMESTAMP),
(168, '2022-04-10', 'AS ST JULIEN', 'FC DEVANT LES PONTS 2', 0, 0, 0, '00:00:00', '', '', '00:00:00', 'TSUTTER', CURRENT_TIMESTAMP),
(168, '2022-04-17', 'AS CORNY', 'AS ST JULIEN', 0, 0, 0, '00:00:00', '', '', '00:00:00', 'TSUTTER', CURRENT_TIMESTAMP),
(168, '2022-04-24', 'AS ST JULIEN', 'METZ ACLI', 0, 0, 0, '00:00:00', '', '', '00:00:00', 'TSUTTER', CURRENT_TIMESTAMP),
(168, '2022-05-01', 'FC FLEURY', 'AS ST JULIEN', 0, 0, 0, '00:00:00', '', '', '00:00:00', 'TSUTTER', CURRENT_TIMESTAMP),
(168, '2022-05-08', 'AS ST JULIEN', 'SC MOULINS LES METZ', 0, 0, 0, '00:00:00', '', '', '00:00:00', 'TSUTTER', CURRENT_TIMESTAMP),
(168, '2022-05-22', 'SC MARLY 2', 'AS ST JULIEN', 0, 0, 0, '00:00:00', '', '', '00:00:00', 'TSUTTER', CURRENT_TIMESTAMP),
(168, '2022-05-29', 'EF DELME SOLGNE 2', 'AS ST JULIEN', 0, 0, 0, '00:00:00', '', '', '00:00:00', 'TSUTTER', CURRENT_TIMESTAMP);

commit;

-- Championnat Sénior C - D3 Moselle Groupe G
INSERT INTO `rencontre` (`COMPETITION`, `JOUR`, `EQUIPE_DOM`, `EQUIPE_EXT`, `SCORE_DOM`, `SCORE_EXT`, `STATUT`, `HEURE_RDV`, `LIEU_RDV`, `COMMENTAIRE_RDV`, `HEURE_MATCH`, `AUTEUR_MAJ`, `DERNIERE_MAJ`) VALUES
(169, '2021-09-19', 'AS ST JULIEN', 'ARS / MOSELLE', 0, 0, 0, '00:00:00', '', '', '00:00:00', 'TSUTTER', CURRENT_TIMESTAMP),
(169, '2021-09-26', 'FC HAGONDANGE 2', 'AS ST JULIEN', 0, 0, 0, '00:00:00', '', '', '00:00:00', 'TSUTTER', CURRENT_TIMESTAMP),
(169, '2021-10-03', 'AS ST JULIEN', 'AS HAUCONCOURT 2', 0, 0, 0, '00:00:00', '', '', '00:00:00', 'TSUTTER', CURRENT_TIMESTAMP),
(169, '2021-10-10', 'AS LES COTEAUX 3', 'AS ST JULIEN', 0, 0, 0, '00:00:00', '', '', '00:00:00', 'TSUTTER', CURRENT_TIMESTAMP),
(169, '2021-10-17', 'AS ST JULIEN', 'US VIGY', 0, 0, 0, '00:00:00', '', '', '00:00:00', 'TSUTTER', CURRENT_TIMESTAMP),
(169, '2021-10-24', 'LS VANTOUX', 'AS ST JULIEN', 0, 0, 0, '00:00:00', '', '', '00:00:00', 'TSUTTER', CURRENT_TIMESTAMP),
(169, '2021-11-07', 'AS ST JULIEN', 'FC DEVANT LES PONTS 3', 0, 0, 0, '00:00:00', '', '', '00:00:00', 'TSUTTER', CURRENT_TIMESTAMP),
(169, '2021-11-11', 'AS MONTIGNY LES METZ 3', 'AS ST JULIEN', 0, 0, 0, '00:00:00', '', '', '00:00:00', 'TSUTTER', CURRENT_TIMESTAMP),
(169, '2021-11-14', 'FC MONTOY FLANVILLE', 'AS ST JULIEN', 0, 0, 0, '00:00:00', '', '', '00:00:00', 'TSUTTER', CURRENT_TIMESTAMP),
(169, '2021-11-21', 'AS ST JULIEN', 'FC PIERREVILLERS 2', 0, 0, 0, '00:00:00', '', '', '00:00:00', 'TSUTTER', CURRENT_TIMESTAMP),
(169, '2021-11-28', 'AS ST JULIEN', 'AS MALROY', 0, 0, 0, '00:00:00', '', '', '00:00:00', 'TSUTTER', CURRENT_TIMESTAMP),
(169, '2022-03-06', 'ARS / MOSELLE', 'AS ST JULIEN', 0, 0, 0, '00:00:00', '', '', '00:00:00', 'TSUTTER', CURRENT_TIMESTAMP),
(169, '2022-03-13', 'AS ST JULIEN', 'FC HAGONDANGE 2', 0, 0, 0, '00:00:00', '', '', '00:00:00', 'TSUTTER', CURRENT_TIMESTAMP),
(169, '2022-03-20', 'AS HAUCONCOURT 2', 'AS ST JULIEN', 0, 0, 0, '00:00:00', '', '', '00:00:00', 'TSUTTER', CURRENT_TIMESTAMP),
(169, '2022-03-27', 'AS ST JULIEN', 'AS LES COTEAUX 3', 0, 0, 0, '00:00:00', '', '', '00:00:00', 'TSUTTER', CURRENT_TIMESTAMP),
(169, '2022-04-10', 'US VIGY', 'AS ST JULIEN', 0, 0, 0, '00:00:00', '', '', '00:00:00', 'TSUTTER', CURRENT_TIMESTAMP),
(169, '2022-04-17', 'AS ST JULIEN', 'LS VANTOUX', 0, 0, 0, '00:00:00', '', '', '00:00:00', 'TSUTTER', CURRENT_TIMESTAMP),
(169, '2022-04-24', 'FC DEVANT LES PONTS 3', 'AS ST JULIEN', 0, 0, 0, '00:00:00', '', '', '00:00:00', 'TSUTTER', CURRENT_TIMESTAMP),
(169, '2022-05-01', 'AS ST JULIEN', 'FC MONTOY FLANVILLE', 0, 0, 0, '00:00:00', '', '', '00:00:00', 'TSUTTER', CURRENT_TIMESTAMP),
(169, '2022-05-08', 'FC PIERREVILLERS 2', 'AS ST JULIEN', 0, 0, 0, '00:00:00', '', '', '00:00:00', 'TSUTTER', CURRENT_TIMESTAMP),
(169, '2022-05-22', 'AS MALROY', 'AS ST JULIEN', 0, 0, 0, '00:00:00', '', '', '00:00:00', 'TSUTTER', CURRENT_TIMESTAMP),
(169, '2022-05-29', 'AS ST JULIEN', 'AS MONTIGNY LES METZ 3', 0, 0, 0, '00:00:00', '', '', '00:00:00', 'TSUTTER', CURRENT_TIMESTAMP);

commit;

-- Championnat Sénior D - D4 Moselle Groupe H
INSERT INTO `rencontre` (`COMPETITION`, `JOUR`, `EQUIPE_DOM`, `EQUIPE_EXT`, `SCORE_DOM`, `SCORE_EXT`, `STATUT`, `HEURE_RDV`, `LIEU_RDV`, `COMMENTAIRE_RDV`, `HEURE_MATCH`, `AUTEUR_MAJ`, `DERNIERE_MAJ`) VALUES
(170, '2021-09-05', 'AS ST JULIEN', 'METZ ATHLETIC FOOT', 0, 0, 0, '00:00:00', '', '', '00:00:00', 'TSUTTER', CURRENT_TIMESTAMP),
(170, '2021-09-19', 'US ARGANCY 2', 'AS ST JULIEN', 0, 0, 0, '00:00:00', '', '', '00:00:00', 'TSUTTER', CURRENT_TIMESTAMP),
(170, '2021-09-26', 'AS ST JULIEN', 'METZ JEUNESSE', 0, 0, 0, '00:00:00', '', '', '00:00:00', 'TSUTTER', CURRENT_TIMESTAMP),
(170, '2021-10-03', 'EXEMPT', 'AS ST JULIEN', 0, 0, 0, '00:00:00', '', '', '00:00:00', 'TSUTTER', CURRENT_TIMESTAMP),
(170, '2021-10-10', 'AS ST JULIEN', 'METZ GRANGE AUX BOIS 2', 0, 0, 0, '00:00:00', '', '', '00:00:00', 'TSUTTER', CURRENT_TIMESTAMP),
(170, '2021-10-17', 'AS ST JULIEN', 'RS LA MAXE 2', 0, 0, 0, '00:00:00', '', '', '00:00:00', 'TSUTTER', CURRENT_TIMESTAMP),
(170, '2021-10-24', 'JS ARS LAQUENEXY 3', 'AS ST JULIEN', 0, 0, 0, '00:00:00', '', '', '00:00:00', 'TSUTTER', CURRENT_TIMESTAMP),
(170, '2021-11-07', 'AS ST JULIEN', 'US CHATEL CONQUISTADOR 3', 0, 0, 0, '00:00:00', '', '', '00:00:00', 'TSUTTER', CURRENT_TIMESTAMP),
(170, '2021-11-14', 'ES MARANGE 3', 'AS ST JULIEN', 0, 0, 0, '00:00:00', '', '', '00:00:00', 'TSUTTER', CURRENT_TIMESTAMP);

commit;

-- Coupe des réserves
INSERT INTO `rencontre` (`COMPETITION`, `JOUR`, `EQUIPE_DOM`, `EQUIPE_EXT`, `SCORE_DOM`, `SCORE_EXT`, `STATUT`, `HEURE_RDV`, `LIEU_RDV`, `COMMENTAIRE_RDV`, `HEURE_MATCH`, `AUTEUR_MAJ`, `DERNIERE_MAJ`) VALUES
(173, '2021-09-12', 'ST JULIEN', 'METZ ESAP 3', 0, 0, 0, '00:00:00', '', '', '10:00:00', 'TSUTTER', CURRENT_TIMESTAMP);

commit;

-- Coupe de France Féminines
INSERT INTO `rencontre` (`COMPETITION`, `JOUR`, `EQUIPE_DOM`, `EQUIPE_EXT`, `SCORE_DOM`, `SCORE_EXT`, `STATUT`, `HEURE_RDV`, `LIEU_RDV`, `COMMENTAIRE_RDV`, `HEURE_MATCH`, `AUTEUR_MAJ`, `DERNIERE_MAJ`) VALUES
(180, '2021-09-12', 'ST JULIEN', 'SC MARLY', 0, 0, 0, '00:00:00', '', '', '15:00:00', 'TSUTTER', CURRENT_TIMESTAMP);

commit;
