-- phpMyAdmin SQL Dump
-- version 4.2.7.1
-- http://www.phpmyadmin.net
--
-- Client :  127.0.0.1
-- Généré le :  Mer 04 Février 2015 à 11:19
-- Version du serveur :  5.6.20
-- Version de PHP :  5.5.15

SET SQL_MODE = "NO_AUTO_VALUE_ON_ZERO";
SET time_zone = "+00:00";


/*!40101 SET @OLD_CHARACTER_SET_CLIENT=@@CHARACTER_SET_CLIENT */;
/*!40101 SET @OLD_CHARACTER_SET_RESULTS=@@CHARACTER_SET_RESULTS */;
/*!40101 SET @OLD_COLLATION_CONNECTION=@@COLLATION_CONNECTION */;
/*!40101 SET NAMES utf8 */;

--
-- Base de données :  `site`
--
CREATE DATABASE IF NOT EXISTS `site` DEFAULT CHARACTER SET utf8 COLLATE utf8_general_ci;
USE `site`;

-- --------------------------------------------------------

--
-- Structure de la table `article`
--

DROP TABLE IF EXISTS `article`;
CREATE TABLE IF NOT EXISTS `article` (
`id` int(11) NOT NULL,
  `TITRE` varchar(100) NOT NULL,
  `TEXTE` text NOT NULL,
  `PHOTO` varchar(100) NOT NULL,
  `VIDEO` varchar(100) NOT NULL,
  `LIEN` varchar(100) NOT NULL,
  `STATUT` smallint(6) NOT NULL,
  `DATE_PARUTION` datetime NOT NULL,
  `AUTEUR` varchar(25) NOT NULL,
  `DERNIERE_MAJ` timestamp NOT NULL DEFAULT CURRENT_TIMESTAMP ON UPDATE CURRENT_TIMESTAMP
) ENGINE=InnoDB  DEFAULT CHARSET=utf8 AUTO_INCREMENT=14 ;

--
-- Contenu de la table `article`
--

INSERT INTO `article` (`id`, `TITRE`, `TEXTE`, `PHOTO`, `VIDEO`, `LIEN`, `STATUT`, `DATE_PARUTION`, `AUTEUR`, `DERNIERE_MAJ`) VALUES
(1, 'Tournoi à Besançon pour les U13', 'Les jeunes U13 du club en tournoi à Besançon pendant le xeek end de la Pentecote.', '', '', '', 0, '2014-10-04 14:45:00', 'ADMIN', '2014-12-17 12:48:48'),
(2, 'Coupe de Moselle', 'Les séniors A finaliste de la coupe de Moselle 2014. L''équipe B s''est quant à elle inclinée en 1/2 finale de la coupe des équipes réserves.', '', '', '', 1, '2014-10-04 14:45:30', 'ADMIN', '2014-10-04 08:46:16'),
(3, 'Séniors B', 'Les séniors B montent en 2ème division de district.', '', 'videos/test.mp4', '', 1, '2014-10-04 14:46:00', 'ADMIN', '2015-01-16 14:33:52'),
(4, 'Montée en PHR', 'Les séniors A retrouvent niveau Promotion d''Honneur Régionale après une très belle saison.', 'images/monteePHR.jpg', '', '', 1, '2014-10-04 14:46:30', 'ADMIN', '2014-10-04 08:47:49'),
(5, 'Inscriptions 2014/2015', 'Pour tous renseignements, contactez nous au 03 87 37 04 34 ou remplissez ce <a href="#">formulaire</a>.', 'images/featured-side-3.jpg', '', '', 1, '2014-10-04 14:47:00', 'ADMIN', '2014-10-04 08:49:25'),
(6, 'Bilan de la saison 2013/2014', 'Le bilan du club est très bon en cette fin de saison avec la montée des 2 équipes séniors dont l''équipe A qui retrouve la PHR (Ligue) comme espéré en début de saison.', 'images/featured-side-2.jpg', '', '', 1, '2014-10-04 14:47:30', 'ADMIN', '2014-10-04 08:49:25'),
(7, 'Fête du foot 2014', 'Comme chaque année, le club a organisé sa fête du football.', 'images/choucroute.gif', '', '', 1, '2014-10-04 14:48:00', 'ADMIN', '2014-10-04 08:50:41'),
(8, 'Reprise saison 2014/2015', 'Le premier entrainement de la nouvelle saison a eu lieu le dimanche 27/07/2014.', 'images/travaux_stade.jpg', '', '', 1, '2014-10-04 14:48:30', 'ADMIN', '2014-10-04 08:50:41'),
(9, 'Reprise section jeunes', 'Les jeunes joueurs de l''école de foot (U6 à U13) ont repris le chemin des entrainements depuis la fin du mois d''août.', 'images/repriseJeunes2014.jpg', '', '', 1, '2014-10-04 14:49:00', 'ADMIN', '2014-10-04 08:51:27'),
(12, 'essai insertion2', 'test\r\nmdsjgf\r\n\r\nmdsjgohsf', 'images/captureSiteAS.png', '', '', 1, '2014-12-17 16:53:11', 'test', '2014-12-18 08:46:42'),
(13, 'Challenge U11 - 13/12/2014', 'Nous avons participé au premier tour de challenge U11 à Trémery. Cela n''a pas été facile de jouer en salle, mais nous nous sommes battus en finissant 4ème sur 8 et nous pouvons être content de nos joueurs. Nous attendons avec impatience le 2ème tour.', 'images/u11TournoiSalle.JPG', '', '', 1, '2014-12-17 17:00:30', 'TSUTTER', '2015-01-15 13:39:06');

-- --------------------------------------------------------

--
-- Structure de la table `categorie`
--

DROP TABLE IF EXISTS `categorie`;
CREATE TABLE IF NOT EXISTS `categorie` (
`id` int(11) NOT NULL,
  `LIBELLE` varchar(100) NOT NULL,
  `ANNEE_DEBUT` smallint(6) NOT NULL,
  `ANNEE_FIN` smallint(6) NOT NULL,
  `AUTEUR_MAJ` varchar(25) NOT NULL,
  `DERNIERE_MAJ` timestamp NOT NULL DEFAULT CURRENT_TIMESTAMP ON UPDATE CURRENT_TIMESTAMP
) ENGINE=InnoDB  DEFAULT CHARSET=utf8 AUTO_INCREMENT=11 ;

--
-- Contenu de la table `categorie`
--

INSERT INTO `categorie` (`id`, `LIBELLE`, `ANNEE_DEBUT`, `ANNEE_FIN`, `AUTEUR_MAJ`, `DERNIERE_MAJ`) VALUES
(1, 'U7', 2008, 2009, 'ADMIN', '2014-10-04 07:50:25'),
(2, 'U9', 2006, 2007, 'ADMIN', '2014-10-04 07:50:25'),
(3, 'U11', 2004, 2005, 'ADMIN', '2014-10-04 07:51:02'),
(4, 'U13', 2002, 2003, 'ADMIN', '2014-10-04 07:51:02'),
(5, 'U15', 2000, 2001, 'ADMIN', '2014-10-04 07:51:43'),
(6, 'U17', 1998, 1999, 'ADMIN', '2014-10-04 07:51:43'),
(7, 'U19', 1996, 1997, 'ADMIN', '2014-10-04 07:52:20'),
(8, 'U20', 1995, 1995, 'ADMIN', '2014-10-04 07:52:20'),
(9, 'SENIOR', 1980, 1994, 'ADMIN', '2014-10-04 07:55:49'),
(10, 'VETERAN', 1901, 1979, 'ADMIN', '2014-10-04 07:57:14');

-- --------------------------------------------------------

--
-- Structure de la table `competition`
--

DROP TABLE IF EXISTS `competition`;
CREATE TABLE IF NOT EXISTS `competition` (
`id` int(11) NOT NULL,
  `LIBELLE` varchar(100) NOT NULL,
  `TYPE_COMPETITION` smallint(6) NOT NULL,
  `CATEGORIE` smallint(6) NOT NULL,
  `DIVISION` smallint(6) NOT NULL,
  `SAISON` smallint(6) NOT NULL,
  `EQUIPE` int(11) NOT NULL,
  `AUTEUR_MAJ` varchar(25) NOT NULL,
  `DERNIERE_MAJ` timestamp NOT NULL DEFAULT CURRENT_TIMESTAMP ON UPDATE CURRENT_TIMESTAMP
) ENGINE=InnoDB  DEFAULT CHARSET=utf8 AUTO_INCREMENT=18 ;

--
-- Contenu de la table `competition`
--

INSERT INTO `competition` (`id`, `LIBELLE`, `TYPE_COMPETITION`, `CATEGORIE`, `DIVISION`, `SAISON`, `EQUIPE`, `AUTEUR_MAJ`, `DERNIERE_MAJ`) VALUES
(1, 'PHR GROUPE C', 1, 9, 9, 1, 1, 'ADMIN', '2015-01-07 12:36:05'),
(2, '2EME DIV. GROUPE D', 1, 9, 11, 1, 2, 'ADMIN', '2015-01-07 12:36:18'),
(3, 'U15 MOSELLE GROUPE F', 10, 5, 23, 1, 3, 'ADMIN', '2015-01-07 12:36:33'),
(4, 'U13 EXCELLENCE GROUPE D', 11, 4, 26, 1, 4, 'ADMIN', '2015-01-07 12:36:42'),
(5, 'COUPE DE LORRAINE', 3, 9, 0, 1, 1, 'ADMIN', '2015-01-07 12:37:00'),
(6, 'COUPE DE MOSELLE', 4, 9, 0, 1, 2, 'ADMIN', '2015-01-07 12:37:02'),
(7, 'COUPE DE LORRAINE', 6, 5, 0, 1, 3, 'ADMIN', '2015-01-07 12:37:12'),
(8, 'COUPE DE MOSELLE', 7, 5, 0, 1, 3, 'ADMIN', '2015-01-07 12:37:15'),
(9, 'COUPE', 8, 4, 0, 1, 4, 'ADMIN', '2015-01-07 12:37:26'),
(10, 'COUPE', 9, 3, 0, 1, 6, 'ADMIN', '2015-01-07 12:37:34'),
(11, 'AMICAL', 16, 3, 0, 1, 7, 'ADMIN', '2015-01-07 12:38:05'),
(12, 'AMICAL', 16, 3, 0, 1, 6, 'ADMIN', '2015-01-07 12:38:09'),
(13, 'AMICAL', 15, 4, 0, 1, 5, 'ADMIN', '2015-01-07 12:38:18'),
(14, 'AMICAL', 15, 4, 0, 1, 4, 'ADMIN', '2015-01-07 12:38:21'),
(15, 'AMICAL', 14, 5, 0, 1, 3, 'ADMIN', '2015-01-07 12:38:25'),
(16, 'AMICAL', 13, 9, 0, 1, 1, 'ADMIN', '2015-01-07 12:38:29'),
(17, 'AMICAL', 13, 9, 0, 1, 2, 'ADMIN', '2015-01-07 12:38:33');

-- --------------------------------------------------------

--
-- Structure de la table `compte_rendu`
--

DROP TABLE IF EXISTS `compte_rendu`;
CREATE TABLE IF NOT EXISTS `compte_rendu` (
  `RENCONTRE` int(11) NOT NULL,
  `TEXTE` text NOT NULL,
  `AUTEUR_MAJ` varchar(25) NOT NULL,
  `DERNIERE_MAJ` timestamp NOT NULL DEFAULT CURRENT_TIMESTAMP ON UPDATE CURRENT_TIMESTAMP
) ENGINE=InnoDB DEFAULT CHARSET=utf8;

-- --------------------------------------------------------

--
-- Structure de la table `division`
--

DROP TABLE IF EXISTS `division`;
CREATE TABLE IF NOT EXISTS `division` (
`id` int(11) NOT NULL,
  `LIBELLE` varchar(100) NOT NULL,
  `CATEGORIE` smallint(6) NOT NULL,
  `AUTEUR_MAJ` varchar(25) NOT NULL,
  `DERNIERE_MAJ` timestamp NOT NULL DEFAULT CURRENT_TIMESTAMP ON UPDATE CURRENT_TIMESTAMP
) ENGINE=InnoDB  DEFAULT CHARSET=utf8 AUTO_INCREMENT=29 ;

--
-- Contenu de la table `division`
--

INSERT INTO `division` (`id`, `LIBELLE`, `CATEGORIE`, `AUTEUR_MAJ`, `DERNIERE_MAJ`) VALUES
(1, 'LIGUE 1', 9, 'ADMIN', '2014-10-04 08:59:22'),
(2, 'LIGUE 2', 9, 'ADMIN', '2014-10-04 08:59:22'),
(3, 'NATIONAL', 9, 'ADMIN', '2014-10-04 08:59:45'),
(4, 'CFA', 9, 'ADMIN', '2014-10-04 08:59:45'),
(5, 'CFA 2', 9, 'ADMIN', '2014-10-04 09:00:06'),
(6, 'DIVISION HONNEUR', 9, 'ADMIN', '2014-10-04 09:00:06'),
(7, 'DIVISION HONNEUR REGIONAL', 9, 'ADMIN', '2014-10-04 09:00:28'),
(8, 'PROMOTION HONNEUR', 9, 'ADMIN', '2014-10-04 09:00:28'),
(9, 'PROMOTION HONNEUR REGIONAL', 9, 'ADMIN', '2014-10-04 09:00:54'),
(10, '1ERE DIVISION', 9, 'ADMIN', '2014-10-04 09:08:27'),
(11, '2EME DIVISION', 9, 'ADMIN', '2014-10-04 09:08:27'),
(12, '3EME DIVISION', 9, 'ADMIN', '2014-10-04 09:08:27'),
(13, '4EME DIVISION', 9, 'ADMIN', '2014-10-04 09:08:27'),
(14, 'DIVISION HONNEUR', 7, 'ADMIN', '2014-10-04 09:03:23'),
(15, 'HONNEUR REGIONAL', 7, 'ADMIN', '2014-10-04 09:03:23'),
(16, 'MOSELLE', 7, 'ADMIN', '2014-10-04 09:04:17'),
(17, 'DIVISION HONNEUR', 6, 'ADMIN', '2014-10-04 09:04:17'),
(18, 'HONNEUR REGIONAL', 6, 'ADMIN', '2014-10-04 09:04:45'),
(19, 'MOSELLE', 6, 'ADMIN', '2014-10-04 09:04:45'),
(20, 'DIVISION HONNEUR', 5, 'ADMIN', '2014-10-04 09:05:13'),
(21, 'HONNEUR REGIONAL', 5, 'ADMIN', '2014-10-04 09:05:13'),
(22, 'PROMOTION HONNEUR', 5, 'ADMIN', '2014-10-04 09:05:39'),
(23, 'MOSELLE', 5, 'ADMIN', '2014-10-04 09:05:39'),
(24, 'HONNEUR', 4, 'ADMIN', '2014-10-04 09:06:33'),
(25, 'HONNEUR REGIONAL', 4, 'ADMIN', '2014-10-04 09:06:33'),
(26, 'EXCELLENCE', 4, 'ADMIN', '2014-10-04 09:06:47'),
(27, 'PROMOTION', 4, 'ADMIN', '2014-10-04 09:06:47'),
(28, 'INTERREGIONAL', 5, 'ADMIN', '2014-10-04 09:07:34');

-- --------------------------------------------------------

--
-- Structure de la table `entrainement`
--

DROP TABLE IF EXISTS `entrainement`;
CREATE TABLE IF NOT EXISTS `entrainement` (
`ID` int(11) NOT NULL,
  `CATEGORIE` int(11) NOT NULL,
  `JOUR` varchar(10) NOT NULL,
  `HEURE_DEBUT` time DEFAULT NULL,
  `HEURE_FIN` time DEFAULT NULL,
  `LIEU` varchar(50) DEFAULT NULL,
  `AUTEUR_MAJ` varchar(25) NOT NULL,
  `DERNIERE_MAJ` timestamp NOT NULL DEFAULT CURRENT_TIMESTAMP ON UPDATE CURRENT_TIMESTAMP
) ENGINE=InnoDB  DEFAULT CHARSET=utf8 AUTO_INCREMENT=9 ;

--
-- Contenu de la table `entrainement`
--

INSERT INTO `entrainement` (`ID`, `CATEGORIE`, `JOUR`, `HEURE_DEBUT`, `HEURE_FIN`, `LIEU`, `AUTEUR_MAJ`, `DERNIERE_MAJ`) VALUES
(1, 1, 'MERCREDI', '14:30:00', '00:00:00', 'Stade de Grimont', 'ADMIN', '2014-12-04 14:57:55'),
(2, 2, 'MERCREDI', '14:30:00', '00:00:00', 'Stade de Grimont', 'ADMIN', '2014-12-04 14:57:55'),
(3, 3, 'MERCREDI', '17:30:00', '00:00:00', 'Stade de Grimont', 'ADMIN', '2014-12-04 14:57:55'),
(4, 3, 'VENDREDI', '17:30:00', '00:00:00', 'Stade de Grimont', 'ADMIN', '2014-12-04 14:57:55'),
(5, 4, 'MERCREDI', '17:30:00', '00:00:00', 'Stade de Grimont', 'ADMIN', '2014-12-04 14:57:55'),
(6, 4, 'VENDREDI', '17:30:00', '00:00:00', 'Stade de Grimont', 'ADMIN', '2014-12-04 14:57:55'),
(7, 5, 'MERCREDI', '18:00:00', '00:00:00', 'Stade de Grimont', 'ADMIN', '2014-12-04 14:57:55'),
(8, 5, 'VENDREDI', '18:00:00', '00:00:00', 'Stade de Grimont', 'ADMIN', '2014-12-04 14:57:55');

-- --------------------------------------------------------

--
-- Structure de la table `equipe`
--

DROP TABLE IF EXISTS `equipe`;
CREATE TABLE IF NOT EXISTS `equipe` (
`id` int(11) NOT NULL,
  `CATEGORIE` int(11) NOT NULL,
  `LIBELLE` varchar(100) NOT NULL,
  `ENTRAINEUR` int(11) DEFAULT NULL,
  `ADJOINT` int(11) DEFAULT NULL,
  `DELEGUE` int(11) DEFAULT NULL,
  `LIEN_CLASSEMENT` varchar(200) DEFAULT NULL,
  `AUTEUR_MAJ` varchar(25) NOT NULL,
  `DERNIERE_MAJ` timestamp NOT NULL DEFAULT CURRENT_TIMESTAMP ON UPDATE CURRENT_TIMESTAMP
) ENGINE=InnoDB  DEFAULT CHARSET=utf8 AUTO_INCREMENT=12 ;

--
-- Contenu de la table `equipe`
--

INSERT INTO `equipe` (`id`, `CATEGORIE`, `LIBELLE`, `ENTRAINEUR`, `ADJOINT`, `DELEGUE`, `LIEN_CLASSEMENT`, `AUTEUR_MAJ`, `DERNIERE_MAJ`) VALUES
(1, 9, 'SENIOR A', NULL, NULL, NULL, 'http://lorraine.fff.fr/competitions/php/championnat/championnat_classement.php?sa_no=2014&cp_no=303388&ph_no=1&gp_no=3', 'ADMIN', '2014-11-14 07:03:16'),
(2, 9, 'SENIOR B', NULL, NULL, NULL, 'http://moselle.fff.fr/competitions/php/championnat/championnat_classement.php?sa_no=2014&cp_no=303552&ph_no=1&gp_no=4', 'ADMIN', '2014-11-14 07:03:16'),
(3, 5, 'U15 A', NULL, NULL, NULL, 'http://moselle.fff.fr/competitions/php/championnat/championnat_classement.php?sa_no=2014&cp_no=303558&ph_no=1&gp_no=6', 'ADMIN', '2014-11-14 07:04:50'),
(4, 4, 'U13 A', NULL, NULL, NULL, 'http://moselle.fff.fr/competitions/php/championnat/championnat_classement.php?sa_no=2014&cp_no=303559&ph_no=1&gp_no=4', 'ADMIN', '2014-11-14 07:04:50'),
(5, 4, 'U13 B', NULL, NULL, NULL, NULL, 'ADMIN', '2014-11-14 07:05:09'),
(6, 3, 'U11 A', NULL, NULL, NULL, NULL, 'ADMIN', '2014-11-14 07:05:09'),
(7, 3, 'U11 B', NULL, NULL, NULL, NULL, 'ADMIN', '2014-11-14 07:05:31'),
(8, 2, 'U9 A', NULL, NULL, NULL, NULL, 'ADMIN', '2014-11-14 07:05:31'),
(9, 2, 'U9 B', NULL, NULL, NULL, NULL, 'ADMIN', '2014-11-14 07:06:01'),
(10, 1, 'U7 A', NULL, NULL, NULL, NULL, 'ADMIN', '2014-11-14 07:06:01'),
(11, 1, 'U7 B', NULL, NULL, NULL, NULL, 'ADMIN', '2014-11-14 07:06:14');

-- --------------------------------------------------------

--
-- Structure de la table `evenement`
--

DROP TABLE IF EXISTS `evenement`;
CREATE TABLE IF NOT EXISTS `evenement` (
`ID` int(11) NOT NULL,
  `TITRE` varchar(100) NOT NULL,
  `TEXTE` text NOT NULL,
  `PHOTO` varchar(100) DEFAULT NULL,
  `LIEN` varchar(100) DEFAULT NULL,
  `DEBUT` date NOT NULL,
  `FIN` date DEFAULT NULL,
  `LIEU` varchar(100) NOT NULL,
  `STATUT` smallint(6) NOT NULL,
  `DOCUMENT` varchar(100) DEFAULT NULL,
  `AUTEUR_MAJ` varchar(25) NOT NULL,
  `DERNIERE_MAJ` timestamp NOT NULL DEFAULT CURRENT_TIMESTAMP ON UPDATE CURRENT_TIMESTAMP
) ENGINE=InnoDB  DEFAULT CHARSET=utf8 AUTO_INCREMENT=3 ;

--
-- Contenu de la table `evenement`
--

INSERT INTO `evenement` (`ID`, `TITRE`, `TEXTE`, `PHOTO`, `LIEN`, `DEBUT`, `FIN`, `LIEU`, `STATUT`, `DOCUMENT`, `AUTEUR_MAJ`, `DERNIERE_MAJ`) VALUES
(1, 'Tournoi International U11 & U13', 'Le 12ème édition du tournoi international Lori''s Sports, réservé aux catégories U11 et U13, aura lieu le dimanche 26 avril 2015.<br/>\r\n						Au total, ce sont 32 équipes venant de Belgique, du Luxembourg, de région parisiene, et de tous l''est de la France qui se disputeront le trophée sur nos intallations.<br/>\r\n						En 2014, en partenariat avec la station Europe 1, nous avons récompensé les équipes de l'' AS Ermont (95) en U13 et des Templiers Nandrins (Belgique) en U11 pour leur fair-play tout au long du week end.\r\n						<br/>En U11, l''équipe de Jarville a remporté le trophée. En U13, ce sont les jeunes joueurs de l''APM Metz qui l''ont emporté en finale.<br/>\r\n						<br/>Pour toute information ou inscription, vous pouvez nous contacter à cette adresse mail: tournoi@assaintjulienlesmetz.com.<br/>', 'images/AfficheTournoiVignette.jpg', NULL, '2015-04-26', NULL, '', 1, 'Inscription2015.pdf', 'ADMIN', '2014-12-12 14:14:55'),
(2, 'Tournoi International U11 & U13', '13e édition', 'images/AfficheTournoiVignette.jpg', NULL, '2016-04-24', NULL, '', 1, NULL, 'ADMIN', '2014-12-16 09:42:56');

-- --------------------------------------------------------

--
-- Structure de la table `fonction`
--

DROP TABLE IF EXISTS `fonction`;
CREATE TABLE IF NOT EXISTS `fonction` (
`id` int(11) NOT NULL,
  `LIBELLE` varchar(100) NOT NULL,
  `AUTEUR_MAJ` varchar(25) NOT NULL,
  `DERNIERE_MAJ` timestamp NOT NULL DEFAULT CURRENT_TIMESTAMP ON UPDATE CURRENT_TIMESTAMP
) ENGINE=InnoDB  DEFAULT CHARSET=utf8 AUTO_INCREMENT=13 ;

--
-- Contenu de la table `fonction`
--

INSERT INTO `fonction` (`id`, `LIBELLE`, `AUTEUR_MAJ`, `DERNIERE_MAJ`) VALUES
(1, 'PRESIDENT', 'ADMIN', '2014-10-04 09:11:46'),
(2, 'VICE PRESIDENT', 'ADMIN', '2014-10-04 09:11:46'),
(3, 'TRESORIER', 'ADMIN', '2014-10-04 09:11:46'),
(4, 'INTENDANT', 'ADMIN', '2014-10-04 09:11:46'),
(5, 'SECRETAIRE', 'ADMIN', '2014-10-04 09:11:46'),
(6, 'MANAGER GENERAL', 'ADMIN', '2014-10-04 09:11:46'),
(7, 'MANAGER GEENRAL JEUNES', 'ADMIN', '2014-10-04 09:11:46'),
(8, 'REFERENT ARBITRE', 'ADMIN', '2014-10-04 09:11:46'),
(9, 'ARBITRE', 'ADMIN', '2014-10-04 09:11:46'),
(10, 'EDUCATEUR', 'ADMIN', '2014-10-04 09:11:46'),
(11, 'DIRIGEANT', 'ADMIN', '2014-10-04 09:12:16'),
(12, 'JOUEUR', 'ADMIN', '2014-10-04 09:12:16');

-- --------------------------------------------------------

--
-- Structure de la table `individu`
--

DROP TABLE IF EXISTS `individu`;
CREATE TABLE IF NOT EXISTS `individu` (
`ID` int(11) NOT NULL,
  `NOM` varchar(50) NOT NULL,
  `PRENOM` varchar(50) NOT NULL,
  `AGE` int(11) DEFAULT NULL,
  `DATE_NAISSANCE` datetime DEFAULT NULL,
  `FONCTION` int(11) DEFAULT NULL,
  `CATEGORIE` int(11) DEFAULT NULL,
  `POSTE` int(11) DEFAULT NULL,
  `TAILLE` int(11) DEFAULT NULL,
  `POIDS` int(11) DEFAULT NULL,
  `MEILLEUR_PIED` varchar(1) DEFAULT NULL,
  `NUMERO_LICENCE` int(11) DEFAULT NULL,
  `AUTEUR_MAJ` varchar(25) NOT NULL,
  `DERNIERE_MAJ` timestamp NOT NULL DEFAULT CURRENT_TIMESTAMP ON UPDATE CURRENT_TIMESTAMP
) ENGINE=InnoDB  DEFAULT CHARSET=utf8 AUTO_INCREMENT=5 ;

--
-- Contenu de la table `individu`
--

INSERT INTO `individu` (`ID`, `NOM`, `PRENOM`, `AGE`, `DATE_NAISSANCE`, `FONCTION`, `CATEGORIE`, `POSTE`, `TAILLE`, `POIDS`, `MEILLEUR_PIED`, `NUMERO_LICENCE`, `AUTEUR_MAJ`, `DERNIERE_MAJ`) VALUES
(1, 'TAIBI', 'FABRICE', NULL, NULL, 10, 9, NULL, NULL, NULL, NULL, NULL, 'ADMIN', '2014-10-27 15:36:09'),
(2, 'DEZALIS', 'YVES', NULL, NULL, 11, 9, NULL, NULL, NULL, NULL, NULL, 'ADMIN', '2014-10-27 15:36:09'),
(3, 'VILLIGER', 'BENJAMIN', 34, NULL, 12, 9, 4, NULL, NULL, 'D', NULL, 'ADMIN', '2014-10-27 15:37:27'),
(4, 'VILLANI', 'QUENTIN', NULL, NULL, 12, 9, 8, NULL, NULL, 'D', NULL, 'ADMIN', '2014-10-27 15:37:27');

-- --------------------------------------------------------

--
-- Structure de la table `membre`
--

DROP TABLE IF EXISTS `membre`;
CREATE TABLE IF NOT EXISTS `membre` (
`id` int(11) NOT NULL,
  `NOM` varchar(50) NOT NULL,
  `PRENOM` varchar(50) NOT NULL,
  `AGE` int(11) DEFAULT NULL,
  `DATE_NAISSANCE` date DEFAULT NULL,
  `FONCTION` int(11) DEFAULT NULL,
  `CATEGORIE` int(11) DEFAULT NULL,
  `POSTE` int(11) DEFAULT NULL,
  `TAILLE` int(11) DEFAULT NULL,
  `POIDS` int(11) DEFAULT NULL,
  `MEILLEUR_PIED` varchar(1) DEFAULT NULL,
  `NUMERO_LICENCE` varchar(10) DEFAULT NULL,
  `EMAIL` varchar(100) DEFAULT NULL,
  `PHOTO` varchar(100) DEFAULT NULL,
  `VIDEO` varchar(100) DEFAULT NULL,
  `AUTEUR_MAJ` varchar(25) NOT NULL,
  `DERNIERE_MAJ` timestamp NOT NULL DEFAULT CURRENT_TIMESTAMP ON UPDATE CURRENT_TIMESTAMP
) ENGINE=InnoDB  DEFAULT CHARSET=utf8 AUTO_INCREMENT=292 ;

--
-- Contenu de la table `membre`
--

INSERT INTO `membre` (`id`, `NOM`, `PRENOM`, `AGE`, `DATE_NAISSANCE`, `FONCTION`, `CATEGORIE`, `POSTE`, `TAILLE`, `POIDS`, `MEILLEUR_PIED`, `NUMERO_LICENCE`, `EMAIL`, `PHOTO`, `VIDEO`, `AUTEUR_MAJ`, `DERNIERE_MAJ`) VALUES
(1, 'TAIBI', 'FABRICE', 38, '1976-03-05', 10, 9, 1, NULL, NULL, NULL, '1539577105', NULL, NULL, NULL, 'ADMIN', '2014-12-07 17:12:45'),
(2, 'DEZALIS', 'YVES', 57, '1957-09-03', 11, 9, 1, NULL, NULL, NULL, '1505628303', NULL, NULL, NULL, 'ADMIN', '2014-12-07 17:12:45'),
(3, 'VILLIGER', 'BENJAMIN', 34, '1980-10-10', 12, 9, 1, NULL, NULL, 'D', '1591098578', NULL, NULL, NULL, 'ADMIN', '2014-12-07 17:12:45'),
(4, 'VILLANI', 'QUENTIN', 26, '1988-07-12', 12, 9, 1, NULL, NULL, 'D', '1565621795', NULL, NULL, NULL, 'ADMIN', '2014-12-07 17:12:45'),
(5, 'MELZER', 'MICHELINE', 62, '1952-09-23', 5, NULL, NULL, NULL, NULL, NULL, '2544500033', 'contact@melzer.fr', 'images/photo/dirigeant/melzer.bmp', 'videos/presentation/MELZER.mp4', 'ADMIN', '2014-12-05 13:02:05'),
(6, 'SUTTER', 'LAURENT', 54, '1958-02-20', 10, 4, NULL, NULL, NULL, NULL, '1519504667', 'laurent.sutter@neuf.fr', NULL, 'videos/presentation/SUTTER.mp4', 'TSUTTER', '2014-12-23 14:35:20'),
(7, 'PIGEOT', 'BERNARD', 68, '1946-07-18', 1, NULL, NULL, NULL, NULL, NULL, '1500043291', 'b.pigeot57@gmail.com', NULL, NULL, 'ADMIN', '2014-12-05 13:08:49'),
(8, 'MEUNIER', 'MICHEL', 66, '1948-08-05', 2, NULL, NULL, NULL, NULL, NULL, '1580025005', NULL, NULL, NULL, 'ADMIN', '2014-12-05 13:09:15'),
(9, 'MILTGEN', 'ANDRE', 69, '1945-07-04', 3, NULL, NULL, NULL, NULL, NULL, '1599561148', NULL, NULL, NULL, 'ADMIN', '2014-12-05 13:09:31'),
(11, 'GASTRINI', 'FRANCO', 42, '1972-11-25', 10, 4, NULL, NULL, NULL, NULL, '2545014956', 'franco.g@numericable.fr', NULL, NULL, 'ADMIN', '2014-12-05 12:58:03'),
(12, 'ISSADI', 'ALAIN', 53, '1961-10-09', 10, 5, NULL, NULL, NULL, NULL, '1525627175', NULL, NULL, NULL, 'ADMIN', '2014-12-05 13:07:48'),
(13, 'ACKERMANN', 'THOMAS', 14, '2000-04-08', 12, 5, NULL, NULL, NULL, NULL, '2546514907', NULL, NULL, NULL, 'ADMIN', '2014-12-05 12:47:14'),
(14, 'GOETZ', 'ANTON', 14, '2001-09-05', 12, 5, NULL, NULL, NULL, NULL, '2547443440', NULL, NULL, NULL, 'ADMIN', '2014-12-05 12:48:53'),
(15, 'BEY', 'NICOLAS', 14, '2000-10-27', 12, 5, NULL, NULL, NULL, NULL, '2545032544', NULL, NULL, NULL, 'ADMIN', '2014-12-05 12:47:47'),
(16, 'BLAUDEZ', 'PAUL', 14, '2001-01-04', 12, 5, NULL, NULL, NULL, NULL, '2544984611', NULL, NULL, NULL, 'ADMIN', '2014-12-05 12:48:10'),
(17, 'GENEVAUX', 'JULES', 13, '2001-06-16', 12, 5, NULL, NULL, NULL, NULL, '2544479437', NULL, NULL, NULL, 'ADMIN', '2014-12-05 12:48:19'),
(18, 'JAMMAL', 'HADI', 13, '2001-07-01', 12, 5, NULL, NULL, NULL, NULL, '2544406062', NULL, NULL, NULL, 'ADMIN', '2014-12-05 12:50:05'),
(19, 'MIKITA', 'MICKAEL', 13, '2001-03-16', 12, 5, NULL, NULL, NULL, NULL, '2544393209', NULL, NULL, NULL, 'ADMIN', '2014-12-05 12:50:05'),
(20, 'MITHOUARD', 'LUCAS', 14, '2000-06-29', 12, 5, NULL, NULL, NULL, NULL, '2544090023', NULL, NULL, NULL, 'ADMIN', '2014-12-05 12:50:05'),
(21, 'MOSTEFA', 'ABDELATIF', 14, '2000-02-16', 12, 5, NULL, NULL, NULL, NULL, '2546134104', NULL, NULL, NULL, 'ADMIN', '2014-12-05 12:50:05'),
(22, 'OBRINGER', 'JEREMY', 13, '2001-12-03', 12, 5, NULL, NULL, NULL, NULL, '2545075388', NULL, 'images/photo/joueur/OBRINGER_JEREMY.bmp', NULL, 'ADMIN', '2014-12-05 12:53:50'),
(23, 'OBRINGER', 'VALENTINE', 14, '2000-11-06', 12, 5, NULL, NULL, NULL, NULL, '2545658178', NULL, 'images/photo/joueur/OBRINGER_VALENTINE.bmp', NULL, 'ADMIN', '2014-12-05 12:53:58'),
(24, 'PATEUX', 'NICOLAS', 13, '2001-05-12', 12, 5, NULL, NULL, NULL, NULL, '2547275382', NULL, NULL, NULL, 'ADMIN', '2014-12-05 12:50:05'),
(25, 'PERRUCCIO', 'HUGO', 14, '2000-01-31', 12, 5, NULL, NULL, NULL, NULL, '2545014145', NULL, 'images/photo/joueur/PERRUCCIO_HUGO.bmp', NULL, 'ADMIN', '2014-12-05 12:54:04'),
(26, 'PERRUCCIO', 'LUCA', 13, '2001-04-27', 12, 5, NULL, NULL, NULL, NULL, '2544428003', NULL, 'images/photo/joueur/PERRUCCIO_LUCAS.bmp', NULL, 'ADMIN', '2014-12-05 12:54:20'),
(27, 'PERRUCCIO', 'MATTEO', 14, '2000-01-31', 12, 5, NULL, NULL, NULL, NULL, '2545014166', NULL, 'images/photo/joueur/PERRUCCIO_MATTEO.bmp', NULL, 'ADMIN', '2014-12-05 12:54:25'),
(28, 'SOLLIER', 'TRISTAN', 13, '2001-03-16', 12, 5, NULL, NULL, NULL, NULL, '2546819412', NULL, NULL, NULL, 'ADMIN', '2014-12-05 12:51:32'),
(29, 'SPINELLI', 'RAYAN', 13, '2001-07-28', 12, 5, NULL, NULL, NULL, NULL, '2545204076', NULL, NULL, NULL, 'ADMIN', '2014-12-05 12:51:32'),
(30, 'TOPIC', 'NICOLAS', 14, '2000-11-05', 12, 5, NULL, NULL, NULL, NULL, '2544062242', NULL, NULL, NULL, 'ADMIN', '2014-12-05 12:51:32'),
(32, 'GASTRINI', 'STEPHANIE', 37, '1977-06-24', 11, NULL, NULL, NULL, NULL, NULL, '2547443294', NULL, NULL, NULL, 'ADMIN', '2014-12-05 13:02:56'),
(33, 'RODARI', 'LAURENCE', 54, '1960-08-31', 11, NULL, NULL, NULL, NULL, NULL, '1525629929', NULL, NULL, NULL, 'ADMIN', '2014-12-05 13:03:30'),
(34, 'BARRECA', 'PAUL', 61, '1953-05-22', 11, NULL, NULL, NULL, NULL, NULL, '1580153626', NULL, NULL, NULL, 'ADMIN', '2014-12-05 13:39:30'),
(35, 'CHARBONNIER', 'GEOFFREY', 26, '1988-05-19', 11, NULL, NULL, NULL, NULL, NULL, '2543862986', NULL, NULL, NULL, 'ADMIN', '2014-12-05 13:39:30'),
(36, 'DA SILVA', 'FRANK', 35, '1979-02-18', 11, NULL, NULL, NULL, NULL, NULL, '1052116841', NULL, NULL, NULL, 'ADMIN', '2014-12-05 13:39:30'),
(37, 'DANY', 'GERALD', 62, '1962-03-03', 11, NULL, NULL, NULL, NULL, NULL, '1590377672', NULL, NULL, NULL, 'ADMIN', '2014-12-05 13:39:30'),
(38, 'DELLINGER', 'JOEL', 63, '1961-06-24', 11, NULL, NULL, NULL, NULL, NULL, '2547173618', NULL, NULL, NULL, 'ADMIN', '2014-12-05 13:39:30'),
(39, 'FRANZETTI', 'YANICK', 41, '1973-03-20', 11, NULL, NULL, NULL, NULL, NULL, '2547490727', NULL, NULL, NULL, 'ADMIN', '2014-12-05 13:39:30'),
(40, 'HOERNER', 'CEDRIC', 34, '1980-04-09', 11, NULL, NULL, NULL, NULL, NULL, '1539562845', NULL, NULL, NULL, 'ADMIN', '2014-12-05 13:39:30'),
(41, 'LAUGUSTIN', 'JEAN LUC', 49, '1965-03-29', 11, NULL, NULL, NULL, NULL, NULL, '1519510043', NULL, NULL, NULL, 'ADMIN', '2014-12-05 13:39:30'),
(42, 'MENICONI', 'ENZO', 69, '1945-04-04', 11, NULL, NULL, NULL, NULL, NULL, '1595611854', NULL, NULL, NULL, 'ADMIN', '2014-12-05 13:39:30'),
(43, 'MILLAN', 'FREDERIC', 39, '1975-08-13', 11, NULL, NULL, NULL, NULL, NULL, '1539571604', NULL, NULL, NULL, 'ADMIN', '2014-12-05 13:39:30'),
(44, 'MULLER', 'ANDRE', 41, '1973-01-08', 11, NULL, NULL, NULL, NULL, NULL, '2547063081', NULL, NULL, NULL, 'ADMIN', '2014-12-05 13:39:30'),
(45, 'OBRINGER', 'LOIC', 17, '1997-06-11', 11, NULL, NULL, NULL, NULL, NULL, '2543974365', NULL, NULL, NULL, 'ADMIN', '2014-12-05 13:39:30'),
(46, 'OBRINGER', 'STEPHANE', 43, '1971-09-22', 11, NULL, NULL, NULL, NULL, NULL, '2546015636', NULL, NULL, NULL, 'ADMIN', '2014-12-05 13:39:30'),
(47, 'RIVIERE', 'FREDERIC', 34, '1980-06-22', 11, NULL, NULL, NULL, NULL, NULL, '2543101588', NULL, NULL, NULL, 'ADMIN', '2014-12-05 13:39:30'),
(48, 'ROMERA', 'FRANCK', 41, '1973-02-07', 11, NULL, NULL, NULL, NULL, NULL, '1590530581', NULL, NULL, NULL, 'ADMIN', '2014-12-05 13:39:30'),
(49, 'SCHWEITZER', 'SEBASTIEN', 38, '1976-03-06', 11, NULL, NULL, NULL, NULL, NULL, '1796233858', NULL, NULL, NULL, 'ADMIN', '2014-12-05 13:39:30'),
(50, 'SETLA', 'EDOUARD', 39, '1975-03-22', 11, NULL, NULL, NULL, NULL, NULL, '2546802003', NULL, NULL, NULL, 'ADMIN', '2014-12-05 13:39:30'),
(51, 'ZEAU', 'PATRICK', 41, '1963-09-22', 11, NULL, NULL, NULL, NULL, NULL, '1525628737', NULL, NULL, NULL, 'ADMIN', '2014-12-05 13:39:30'),
(56, 'ARAR', 'YOUSSEF', 11, '2003-03-30', 12, 4, NULL, NULL, NULL, NULL, '2546070731', NULL, NULL, NULL, 'ADMIN', '2014-12-05 14:02:04'),
(57, 'BATANTOU', 'AIGNAN', 11, '2003-05-29', 12, 4, NULL, NULL, NULL, NULL, '2547275937', NULL, NULL, NULL, 'ADMIN', '2014-12-05 14:02:04'),
(58, 'BECKER', 'MEHDI', 11, '2003-03-19', 12, 4, NULL, NULL, NULL, NULL, '2545591135', NULL, NULL, NULL, 'ADMIN', '2014-12-05 14:02:04'),
(59, 'BESCH', 'MARIEN', 12, '2002-11-11', 12, 4, NULL, NULL, NULL, NULL, '2545391086', NULL, NULL, NULL, 'ADMIN', '2014-12-05 14:02:04'),
(60, 'BIVEN', 'MALCOLM', 12, '2002-09-27', 12, 4, NULL, NULL, NULL, NULL, '2547368149', NULL, NULL, NULL, 'ADMIN', '2014-12-05 14:02:04'),
(61, 'CHAKRI', 'SAMY', 12, '2002-04-29', 12, 4, NULL, NULL, NULL, NULL, '2546450954', NULL, NULL, NULL, 'ADMIN', '2014-12-05 14:02:04'),
(62, 'CHARLES', 'ROMAIN', 12, '2002-10-24', 12, 4, NULL, NULL, NULL, NULL, '2545073817', NULL, NULL, NULL, 'ADMIN', '2014-12-05 14:02:04'),
(63, 'DAVER', 'JEREMY', 11, '2003-11-13', 12, 4, NULL, NULL, NULL, NULL, '2547194675', NULL, NULL, NULL, 'ADMIN', '2014-12-05 14:02:04'),
(64, 'DELLINGER', 'SEBASTIEN', 11, '2003-09-27', 12, 4, NULL, NULL, NULL, NULL, '2545844568', NULL, NULL, NULL, 'ADMIN', '2014-12-05 14:02:04'),
(65, 'DIEMER', 'TIMOTE', 12, '2002-01-03', 12, 4, NULL, NULL, NULL, NULL, '2545093806', NULL, NULL, NULL, 'ADMIN', '2014-12-05 14:02:04'),
(66, 'DILLENSCHNEIDER', 'NOAH', 11, '2003-04-02', 12, 4, NULL, NULL, NULL, NULL, '2547368022', NULL, NULL, NULL, 'ADMIN', '2014-12-05 14:02:04'),
(67, 'EUSTRATIOU', 'ELIAZ', 12, '2002-07-03', 12, 4, NULL, NULL, NULL, NULL, '2546522209', NULL, NULL, NULL, 'ADMIN', '2014-12-05 14:02:04'),
(68, 'FISCHER', 'THOMAS', 11, '2003-09-08', 12, 4, NULL, NULL, NULL, NULL, '2546436967', NULL, NULL, NULL, 'ADMIN', '2014-12-05 14:02:04'),
(69, 'FRANZETTI', 'TIMOTEE', 11, '2003-11-20', 12, 4, NULL, NULL, NULL, NULL, '2546262891', NULL, NULL, NULL, 'ADMIN', '2014-12-05 14:02:04'),
(70, 'GALLAERT', 'MAEL', 12, '2002-08-25', 12, 4, NULL, NULL, NULL, NULL, '2546249410', NULL, NULL, NULL, 'ADMIN', '2014-12-05 14:02:04'),
(71, 'GASTRINI', 'LORIS', 12, '2002-07-22', 12, 4, NULL, NULL, NULL, NULL, '2544984616', NULL, NULL, NULL, 'ADMIN', '2014-12-05 14:02:04'),
(72, 'HADBOUN', 'NOAM', 11, '2003-11-11', 12, 4, NULL, NULL, NULL, NULL, '2545558920', NULL, NULL, NULL, 'ADMIN', '2014-12-05 14:02:04'),
(73, 'HADBOUN', 'SAMI', 12, '2002-05-05', 12, 4, NULL, NULL, NULL, NULL, '2545527372', NULL, NULL, NULL, 'ADMIN', '2014-12-05 14:02:04'),
(74, 'HAMZAOUI', 'HICHAM', 12, '2002-04-14', 12, 4, NULL, NULL, NULL, NULL, '2546986627', NULL, NULL, NULL, 'ADMIN', '2014-12-05 14:02:04'),
(75, 'HEISS', 'MAXIME', 11, '2003-12-10', 12, 4, NULL, NULL, NULL, NULL, '2545577477', NULL, NULL, NULL, 'ADMIN', '2014-12-05 14:02:04'),
(76, 'HENNEQUIN', 'THOMAS', 12, '2002-02-28', 12, 4, NULL, NULL, NULL, NULL, '2545949375', NULL, NULL, NULL, 'ADMIN', '2014-12-05 14:02:04'),
(77, 'IBO', 'YOANN', 12, '2002-03-02', 12, 4, NULL, NULL, NULL, NULL, '2547018728', NULL, NULL, NULL, 'ADMIN', '2014-12-05 14:02:04'),
(78, 'JAMMAL', 'MEHDI', 11, '2003-02-24', 12, 4, NULL, NULL, NULL, NULL, '2547247646', NULL, NULL, NULL, 'ADMIN', '2014-12-05 14:02:04'),
(79, 'KLEIN', 'THOMAS', 12, '2002-06-12', 12, 4, NULL, NULL, NULL, NULL, '2546567239', NULL, NULL, NULL, 'ADMIN', '2014-12-05 14:02:04'),
(80, 'KLEINPRINTZ', 'THEO', 12, '2002-03-20', 12, 4, NULL, NULL, NULL, NULL, '2545110932', NULL, NULL, NULL, 'ADMIN', '2014-12-05 14:02:04'),
(81, 'MAUJEAN', 'LOUIS', 12, '2002-05-16', 12, 4, NULL, NULL, NULL, NULL, '2545641435', NULL, NULL, NULL, 'ADMIN', '2014-12-05 14:02:04'),
(82, 'MELLINGER', 'LUCAS', 11, '2003-01-01', 12, 4, NULL, NULL, NULL, NULL, '2545583724', NULL, NULL, NULL, 'ADMIN', '2014-12-05 14:02:05'),
(83, 'MILLAN', 'LUCA', 11, '2003-11-01', 12, 4, NULL, NULL, NULL, NULL, '2545688710', NULL, NULL, NULL, 'ADMIN', '2014-12-05 14:02:05'),
(84, 'MOREL', 'VALENTIN', 11, '2003-06-27', 12, 4, NULL, NULL, NULL, NULL, '2545591307', NULL, NULL, NULL, 'ADMIN', '2014-12-05 14:02:05'),
(85, 'MOSTEFA', 'RADWANE', 11, '2003-03-09', 12, 4, NULL, NULL, NULL, NULL, '2547088873', NULL, NULL, NULL, 'ADMIN', '2014-12-05 14:02:05'),
(86, 'PANIZZI', 'AXEL', 12, '2002-01-27', 12, 4, NULL, NULL, NULL, NULL, '2547396346', NULL, NULL, NULL, 'ADMIN', '2014-12-05 14:02:05'),
(87, 'PETOT', 'ALEXANDRE', 12, '2002-07-13', 12, 4, NULL, NULL, NULL, NULL, '2545017219', NULL, NULL, NULL, 'ADMIN', '2014-12-05 14:02:05'),
(88, 'PONCHON', 'MAXIME', 12, '2002-01-20', 12, 4, NULL, NULL, NULL, NULL, '2545837545', NULL, NULL, NULL, 'ADMIN', '2014-12-05 14:02:05'),
(89, 'RAZANADRASAMY', 'RYAN', 12, '2002-07-05', 12, 4, NULL, NULL, NULL, NULL, '2545110943', NULL, NULL, NULL, 'ADMIN', '2014-12-05 14:02:05'),
(90, 'RENAUD', 'VICTOR', 12, '2002-07-10', 12, 4, NULL, NULL, NULL, NULL, '2545571993', NULL, NULL, NULL, 'ADMIN', '2014-12-05 14:02:05'),
(91, 'SCHWEITZER', 'ADRIEN', 12, '2002-06-25', 12, 4, NULL, NULL, NULL, NULL, '2545961344', NULL, NULL, NULL, 'ADMIN', '2014-12-05 14:02:05'),
(92, 'SESTITO', 'HUGO', 12, '2002-12-26', 12, 4, NULL, NULL, NULL, NULL, '2546338396', NULL, NULL, NULL, 'ADMIN', '2014-12-05 14:02:05'),
(93, 'SGRO', 'ENZO', 12, '2002-08-14', 12, 4, NULL, NULL, NULL, NULL, '2545095687', NULL, NULL, NULL, 'ADMIN', '2014-12-05 14:02:05'),
(94, 'ZAID', 'HUGO', 12, '2002-10-24', 12, 4, NULL, NULL, NULL, NULL, '2547395454', NULL, NULL, NULL, 'ADMIN', '2014-12-05 14:02:05'),
(163, 'ALILOUCHE', 'VINCENT', 10, '2004-12-14', 12, 3, NULL, NULL, NULL, NULL, '2547098346', NULL, NULL, NULL, 'ADMIN', '2014-12-05 14:33:49'),
(164, 'ALIOUCHE', 'YANIS', 10, '2004-12-03', 12, 3, NULL, NULL, NULL, NULL, '2546458723', NULL, NULL, NULL, 'ADMIN', '2014-12-05 14:33:49'),
(165, 'ARAR', 'ADEL', 9, '2005-05-27', 12, 3, NULL, NULL, NULL, NULL, '2546070696', NULL, NULL, NULL, 'ADMIN', '2014-12-05 14:33:49'),
(166, 'ARSLAN', 'EMIRCAN', 9, '2005-03-30', 12, 3, NULL, NULL, NULL, NULL, '2546066967', NULL, NULL, NULL, 'ADMIN', '2014-12-05 14:33:49'),
(167, 'BEKOUASSA', 'ADEL', 5, '2009-05-07', 12, 1, NULL, NULL, NULL, NULL, '2547259968', NULL, NULL, NULL, 'ADMIN', '2014-12-05 14:33:49'),
(168, 'BEKOUASSA', 'NADIR', 8, '2006-05-10', 12, 2, NULL, NULL, NULL, NULL, '2547259899', NULL, NULL, NULL, 'ADMIN', '2014-12-05 14:33:49'),
(169, 'BIVEN', 'BRENNAN', 9, '2005-02-03', 12, 3, NULL, NULL, NULL, NULL, '2547368217', NULL, NULL, NULL, 'ADMIN', '2014-12-05 14:33:49'),
(170, 'BROSCHARD NICOD', 'ENZO', 9, '2005-06-19', 12, 3, NULL, NULL, NULL, NULL, '2546776683', NULL, NULL, NULL, 'ADMIN', '2014-12-05 14:33:49'),
(171, 'BRUN', 'LOAN', 9, '2005-04-23', 12, 3, NULL, NULL, NULL, NULL, '2547348274', NULL, NULL, NULL, 'ADMIN', '2014-12-05 14:33:49'),
(172, 'CAM', 'DIREN', 10, '2004-12-18', 12, 3, NULL, NULL, NULL, NULL, '2546824815', NULL, NULL, NULL, 'ADMIN', '2014-12-05 14:33:49'),
(173, 'CAZZATO', 'ARNAUD', 9, '2005-01-29', 12, 3, NULL, NULL, NULL, NULL, '2545961729', NULL, NULL, NULL, 'ADMIN', '2014-12-05 14:33:49'),
(174, 'CHAKRI', 'ADAM', 10, '2004-12-29', 12, 3, NULL, NULL, NULL, NULL, '2546657370', NULL, NULL, NULL, 'ADMIN', '2014-12-05 14:33:49'),
(175, 'CHARPENTIER', 'EMERIC', 8, '2006-10-20', 12, 2, NULL, NULL, NULL, NULL, '2546928324', NULL, NULL, NULL, 'ADMIN', '2014-12-05 14:33:49'),
(176, 'CHUIMER', 'JEAN', 10, '2004-08-01', 12, 3, NULL, NULL, NULL, NULL, '2545964656', NULL, NULL, NULL, 'ADMIN', '2014-12-05 14:33:49'),
(177, 'CIMATTI', 'LENNY', 7, '2007-12-08', 12, 2, NULL, NULL, NULL, NULL, '2547101623', NULL, NULL, NULL, 'ADMIN', '2014-12-05 14:33:49'),
(178, 'COLIN', 'VICTOR', 8, '2006-10-05', 12, 2, NULL, NULL, NULL, NULL, '2547238446', NULL, NULL, NULL, 'ADMIN', '2014-12-05 14:33:49'),
(179, 'COSSARUTTO', 'MILO', 8, '2006-02-09', 12, 2, NULL, NULL, NULL, NULL, '2547089504', NULL, NULL, NULL, 'ADMIN', '2014-12-05 14:33:49'),
(180, 'DA SILVA', 'ETHAN', 6, '2008-08-13', 12, 1, NULL, NULL, NULL, NULL, '2547000305', NULL, NULL, NULL, 'ADMIN', '2014-12-05 14:33:49'),
(181, 'DJAFRI', 'AMAURY', 7, '2007-12-20', 12, 2, NULL, NULL, NULL, NULL, '2546895037', NULL, NULL, NULL, 'ADMIN', '2014-12-05 14:33:49'),
(182, 'DUTASTA', 'AUGUSTIN', 9, '2005-06-04', 12, 3, NULL, NULL, NULL, NULL, '2546582897', NULL, NULL, NULL, 'ADMIN', '2014-12-05 14:33:49'),
(183, 'ERHOLT', 'KENZO', 6, '2008-10-05', 12, 1, NULL, NULL, NULL, NULL, '2547430414', NULL, NULL, NULL, 'ADMIN', '2014-12-05 14:33:49'),
(184, 'FABREGUE', 'THIBAUD', 10, '2004-08-17', 12, 3, NULL, NULL, NULL, NULL, '2547512458', NULL, NULL, NULL, 'ADMIN', '2014-12-05 14:33:49'),
(185, 'FRIANG', 'NOE', 6, '2008-11-05', 12, 1, NULL, NULL, NULL, NULL, '2547457001', NULL, NULL, NULL, 'ADMIN', '2014-12-05 14:33:49'),
(186, 'GALAT', 'DAVID', 6, '2008-05-04', 12, 1, NULL, NULL, NULL, NULL, '2547443375', NULL, NULL, NULL, 'ADMIN', '2014-12-05 14:33:49'),
(187, 'GALAT', 'LEONARDO', 9, '2005-03-25', 12, 3, NULL, NULL, NULL, NULL, '2547443336', NULL, NULL, NULL, 'ADMIN', '2014-12-05 14:33:49'),
(188, 'GUERROUACHE', 'HASSAN', 7, '2007-12-16', 12, 2, NULL, NULL, NULL, NULL, '2547485041', NULL, NULL, NULL, 'ADMIN', '2014-12-05 14:33:49'),
(189, 'HAAS', 'TOM', 10, '2004-04-14', 12, 3, NULL, NULL, NULL, NULL, '2547230344', NULL, NULL, NULL, 'ADMIN', '2014-12-05 14:33:49'),
(190, 'HALLINGER', 'LUDOVIC', 10, '2004-01-24', 12, 3, NULL, NULL, NULL, NULL, '2546000557', NULL, NULL, NULL, 'ADMIN', '2014-12-05 14:33:49'),
(191, 'HAMZAOUI', 'AMINE', 10, '2004-12-15', 12, 3, NULL, NULL, NULL, NULL, '2546986606', NULL, NULL, NULL, 'ADMIN', '2014-12-05 14:33:49'),
(192, 'HERZOG', 'CORENTIN', 7, '2007-09-24', 12, 2, NULL, NULL, NULL, NULL, '2547083554', NULL, NULL, NULL, 'ADMIN', '2014-12-05 14:33:49'),
(193, 'HOERNER', 'JULES', 5, '2009-06-09', 12, 1, NULL, NULL, NULL, NULL, '2547517587', NULL, NULL, NULL, 'ADMIN', '2014-12-05 14:33:50'),
(194, 'HOERNER', 'LOIC', 8, '2006-04-12', 12, 2, NULL, NULL, NULL, NULL, '2547166160', NULL, NULL, NULL, 'ADMIN', '2014-12-05 14:33:50'),
(195, 'HOTTON', 'MICHEL', 5, '2009-05-30', 12, 1, NULL, NULL, NULL, NULL, '2547238383', NULL, NULL, NULL, 'ADMIN', '2014-12-05 14:33:50'),
(196, 'KILINC', 'FURKAN', 10, '2004-12-07', 12, 3, NULL, NULL, NULL, NULL, '2546746626', NULL, NULL, NULL, 'ADMIN', '2014-12-05 14:33:50'),
(197, 'LAMURE FELD', 'MATTEO', 6, '2008-10-11', 12, 1, NULL, NULL, NULL, NULL, '2547230391', NULL, NULL, NULL, 'ADMIN', '2014-12-05 14:33:50'),
(198, 'LAUGUSTIN', 'LUCAS', 9, '2005-11-13', 12, 3, NULL, NULL, NULL, NULL, '2547221142', NULL, NULL, NULL, 'ADMIN', '2014-12-05 14:33:50'),
(199, 'LEBRUN', 'LUKAS', 10, '2004-08-03', 12, 3, NULL, NULL, NULL, NULL, '2546768570', NULL, NULL, NULL, 'ADMIN', '2014-12-05 14:33:50'),
(200, 'LORRAIN', 'MATHIS', 7, '2007-11-03', 12, 2, NULL, NULL, NULL, NULL, '2546976707', NULL, NULL, NULL, 'ADMIN', '2014-12-05 14:33:50'),
(201, 'LOUIS', 'AUDRAN', 10, '2004-04-07', 12, 3, NULL, NULL, NULL, NULL, '2546503459', NULL, NULL, NULL, 'ADMIN', '2014-12-05 14:33:50'),
(202, 'MATHIEU', 'LUCAS', 7, '2007-11-24', 12, 2, NULL, NULL, NULL, NULL, '2547346549', NULL, NULL, NULL, 'ADMIN', '2014-12-05 14:33:50'),
(203, 'MAURICE', 'TOM', 10, '2004-12-28', 12, 3, NULL, NULL, NULL, NULL, '2546708434', NULL, NULL, NULL, 'ADMIN', '2014-12-05 14:33:50'),
(204, 'MAURINIER', 'MATEO', 7, '2007-10-16', 12, 2, NULL, NULL, NULL, NULL, '2547392913', NULL, NULL, NULL, 'ADMIN', '2014-12-05 14:33:50'),
(205, 'MICCICHE', 'FLAVIO', 10, '2004-05-01', 12, 3, NULL, NULL, NULL, NULL, '2545923992', NULL, NULL, NULL, 'ADMIN', '2014-12-05 14:33:50'),
(206, 'MONKA', 'ENZO', 10, '2004-11-29', 12, 3, NULL, NULL, NULL, NULL, '2546962204', NULL, NULL, NULL, 'ADMIN', '2014-12-05 14:33:50'),
(207, 'MOUGEL', 'QUENTIN', 9, '2005-02-03', 12, 3, NULL, NULL, NULL, NULL, '2546131149', NULL, NULL, NULL, 'ADMIN', '2014-12-05 14:33:50'),
(208, 'MOUGEL', 'ROMEO', 8, '2006-10-01', 12, 2, NULL, NULL, NULL, NULL, '2547119165', NULL, NULL, NULL, 'ADMIN', '2014-12-05 14:33:50'),
(209, 'MULLER', 'LOUIS', 7, '2007-03-10', 12, 2, NULL, NULL, NULL, NULL, '2547000132', NULL, NULL, NULL, 'ADMIN', '2014-12-05 14:33:50'),
(210, 'PALAZZO', 'ANTHONY', 6, '2008-05-23', 12, 1, NULL, NULL, NULL, NULL, '2547000183', NULL, NULL, NULL, 'ADMIN', '2014-12-05 14:33:50'),
(211, 'PARISOT', 'GAUTHIER', 7, '2007-09-01', 12, 2, NULL, NULL, NULL, NULL, '2547393176', NULL, NULL, NULL, 'ADMIN', '2014-12-05 14:33:50'),
(212, 'PINTE', 'BAPTISTE', 7, '2007-07-03', 12, 2, NULL, NULL, NULL, NULL, '2547101628', NULL, NULL, NULL, 'ADMIN', '2014-12-05 14:33:50'),
(213, 'POUGET', 'LEO', 6, '2008-04-30', 12, 1, NULL, NULL, NULL, NULL, '2547346417', NULL, NULL, NULL, 'ADMIN', '2014-12-05 14:33:50'),
(214, 'PRIN', 'TEHIVA', 8, '2006-08-08', 12, 2, NULL, NULL, NULL, NULL, '2547392636', NULL, NULL, NULL, 'ADMIN', '2014-12-05 14:33:50'),
(215, 'RAZANADRASAMY', 'AARON', 9, '2005-11-08', 12, 3, NULL, NULL, NULL, NULL, '2546314678', NULL, NULL, NULL, 'ADMIN', '2014-12-05 14:33:50'),
(216, 'ROCK', 'DAMIEN', 8, '2006-04-12', 12, 2, NULL, NULL, NULL, NULL, '2547517677', NULL, NULL, NULL, 'ADMIN', '2014-12-05 14:33:50'),
(217, 'ROMERA', 'LUCAS', 10, '2004-07-09', 12, 3, NULL, NULL, NULL, NULL, '2546588886', NULL, NULL, NULL, 'ADMIN', '2014-12-05 14:33:50'),
(218, 'ROSSEL', 'MATHIAS', 9, '2005-03-07', 12, 3, NULL, NULL, NULL, NULL, '2547299750', NULL, NULL, NULL, 'ADMIN', '2014-12-05 14:33:50'),
(219, 'SCHEBOT', 'LUBIN', 9, '2005-02-13', 12, 3, NULL, NULL, NULL, NULL, '2546827073', NULL, NULL, NULL, 'ADMIN', '2014-12-05 14:33:50'),
(220, 'SCHILTZ', 'BAPTISTE', 9, '2005-08-01', 12, 3, NULL, NULL, NULL, NULL, '2545992151', NULL, NULL, NULL, 'ADMIN', '2014-12-05 14:33:50'),
(221, 'SCHWEITZER', 'DORIAN', 9, '2005-01-17', 12, 3, NULL, NULL, NULL, NULL, '2546312749', NULL, NULL, NULL, 'ADMIN', '2014-12-05 14:33:50'),
(222, 'SCHWEITZER', 'NATHAN', 6, '2008-09-16', 12, 1, NULL, NULL, NULL, NULL, '2546722474', NULL, NULL, NULL, 'ADMIN', '2014-12-05 14:33:50'),
(223, 'SERSOUB', 'SELIM', 9, '2005-03-21', 12, 3, NULL, NULL, NULL, NULL, '2546490545', NULL, NULL, NULL, 'ADMIN', '2014-12-05 14:33:50'),
(224, 'SESTITO', 'THEO', 9, '2005-02-05', 12, 3, NULL, NULL, NULL, NULL, '2546338430', NULL, NULL, NULL, 'ADMIN', '2014-12-05 14:33:50'),
(225, 'SETLA', 'SOLAL', 10, '2004-07-23', 12, 3, NULL, NULL, NULL, NULL, '2546164159', NULL, NULL, NULL, 'ADMIN', '2014-12-05 14:33:50'),
(226, 'SPANIOL', 'VICTOR', 6, '2008-08-15', 12, 1, NULL, NULL, NULL, NULL, '2547393022', NULL, NULL, NULL, 'ADMIN', '2014-12-05 14:33:50'),
(227, 'STOCKER', 'HUGO', 9, '2005-12-13', 12, 3, NULL, NULL, NULL, NULL, '2547239603', NULL, NULL, NULL, 'ADMIN', '2014-12-05 14:33:50'),
(228, 'THIESEN', 'JULES', 9, '2005-09-13', 12, 3, NULL, NULL, NULL, NULL, '2547275139', NULL, NULL, NULL, 'ADMIN', '2014-12-05 14:33:50'),
(229, 'THIRIET', 'TOM', 6, '2008-05-12', 12, 1, NULL, NULL, NULL, NULL, '2547430944', NULL, NULL, NULL, 'ADMIN', '2014-12-05 14:33:50'),
(230, 'VIMEUX', 'NOLAN', 5, '2009-07-19', 12, 1, NULL, NULL, NULL, NULL, '2547457061', NULL, NULL, NULL, 'ADMIN', '2014-12-05 14:33:50'),
(231, 'ATTAS', 'THIBAUT', 24, '1990-12-10', 12, 9, 1, NULL, NULL, NULL, '1595614545', NULL, NULL, NULL, 'ADMIN', '2014-12-07 17:12:45'),
(232, 'BASEOTTO', 'GREGOIRE', 25, '1989-05-15', 12, 9, 1, NULL, NULL, NULL, '1555622934', NULL, NULL, NULL, 'ADMIN', '2014-12-07 17:12:45'),
(233, 'BECK', 'ANTHONY', 28, '1986-01-03', 12, 9, 1, NULL, NULL, NULL, '1529556044', NULL, NULL, NULL, 'ADMIN', '2014-12-07 17:12:45'),
(234, 'BELHADJ', 'KHALED', 19, '1995-02-06', 12, 8, 1, NULL, NULL, NULL, '2545462799', NULL, NULL, NULL, 'ADMIN', '2014-12-07 17:12:45'),
(235, 'BENAMAR', 'FAYCAL', 27, '1987-09-22', 12, 9, 1, NULL, NULL, NULL, '1585624914', NULL, NULL, NULL, 'ADMIN', '2014-12-07 17:12:45'),
(236, 'BITTI', 'JAMEL', 31, '1983-07-04', 12, 9, 1, NULL, NULL, NULL, '1545625450', NULL, NULL, NULL, 'ADMIN', '2014-12-07 17:12:45'),
(237, 'BOUR', 'FLORIAN', 22, '1992-06-13', 12, 9, 1, NULL, NULL, NULL, '1585620833', NULL, NULL, NULL, 'ADMIN', '2014-12-07 17:12:45'),
(238, 'CHAILLAN', 'MAXIME', 25, '1989-01-21', 12, 9, 1, NULL, NULL, NULL, '1565616906', NULL, NULL, NULL, 'ADMIN', '2014-12-07 17:12:45'),
(239, 'CHARBONNIER', 'GEOFFREY', 26, '1988-05-19', 12, 9, 1, NULL, NULL, NULL, '2543862986', NULL, NULL, NULL, 'ADMIN', '2014-12-07 17:12:45'),
(240, 'CORNILY', 'ALAN', 33, '1981-10-29', 12, 9, 1, NULL, NULL, NULL, '1545618215', NULL, NULL, NULL, 'ADMIN', '2014-12-07 17:12:45'),
(241, 'DANY', 'AYMERIC', 23, '1991-10-29', 12, 9, 1, NULL, NULL, NULL, '1585618958', NULL, NULL, NULL, 'ADMIN', '2014-12-07 17:12:45'),
(242, 'DELLA SCAFFA', 'NICOLAS', 23, '1991-01-29', 12, 9, 1, NULL, NULL, NULL, '1575619880', NULL, NULL, NULL, 'ADMIN', '2014-12-07 17:12:45'),
(243, 'DEZALIS', 'SEBASTIEN', 25, '1989-02-28', 12, 9, 1, NULL, NULL, NULL, '1595613235', NULL, NULL, NULL, 'ADMIN', '2014-12-07 17:12:45'),
(244, 'DI GUISEPPE', 'BENITO', 57, '1957-02-17', 12, 10, 1, NULL, NULL, NULL, '2545896296', NULL, NULL, NULL, 'ADMIN', '2014-12-07 17:12:45'),
(245, 'FANARA', 'FABIEN', 24, '1990-09-19', 12, 9, 1, NULL, NULL, NULL, '1565621812', NULL, NULL, NULL, 'ADMIN', '2014-12-07 17:12:45'),
(246, 'FATHOLLAHZADEH', 'NAVID', 25, '1989-01-14', 12, 9, 1, NULL, NULL, NULL, '1565615494', NULL, NULL, NULL, 'ADMIN', '2014-12-07 17:12:45'),
(247, 'GARCIA', 'MARC', 49, '1965-02-13', 12, 10, 1, NULL, NULL, NULL, '1539559228', NULL, NULL, NULL, 'ADMIN', '2014-12-07 17:12:45'),
(248, 'HURAUT', 'LEON', 23, '1991-01-01', 12, 9, 1, NULL, NULL, NULL, '1505629091', NULL, NULL, NULL, 'ADMIN', '2014-12-07 17:12:45'),
(249, 'ISSADI', 'THOMAS', 24, '1990-07-11', 12, 9, 1, NULL, NULL, NULL, '1585617074', NULL, NULL, NULL, 'ADMIN', '2014-12-07 17:12:45'),
(250, 'JOSEPH', 'ALEXANDRE', 28, '1986-12-30', 12, 9, 1, NULL, NULL, NULL, '1529554525', NULL, NULL, NULL, 'ADMIN', '2014-12-07 17:12:45'),
(251, 'KERNER', 'NICOLAS', 24, '1990-04-22', 12, 9, 1, NULL, NULL, NULL, '1565621504', NULL, NULL, NULL, 'ADMIN', '2014-12-07 17:12:45'),
(252, 'KIEFER', 'MATHIEU', 22, '1992-04-25', 12, 9, 1, NULL, NULL, NULL, '1585624519', NULL, NULL, NULL, 'ADMIN', '2014-12-07 17:12:45'),
(253, 'LAUVAUX', 'MATTHIEU', 24, '1990-04-27', 12, 9, 1, NULL, NULL, NULL, '2545905505', NULL, NULL, NULL, 'ADMIN', '2014-12-07 17:12:45'),
(254, 'LE ROUX', 'VICTOR', 26, '1988-03-30', 12, 9, 1, NULL, NULL, NULL, '2547430543', NULL, NULL, NULL, 'ADMIN', '2014-12-07 17:12:45'),
(255, 'LEBLANC', 'JEROME', 26, '1988-07-30', 12, 9, 1, NULL, NULL, NULL, '1585628130', NULL, NULL, NULL, 'ADMIN', '2014-12-07 17:12:45'),
(256, 'LEGRIS', 'JEAN PHILIPPE', 21, '1993-05-27', 12, 9, 1, NULL, NULL, NULL, '2547259660', NULL, NULL, NULL, 'ADMIN', '2014-12-07 17:12:45'),
(257, 'LUSNIA', 'JEREMY', 29, '1985-07-08', 12, 9, 1, NULL, NULL, NULL, '1529556882', NULL, NULL, NULL, 'ADMIN', '2014-12-07 17:12:45'),
(258, 'LY', 'MINH', 42, '1972-09-04', 12, 10, 1, NULL, NULL, NULL, '1590529262', NULL, NULL, NULL, 'ADMIN', '2014-12-07 17:12:45'),
(259, 'MILLAN', 'FREDERIC', 39, '1975-08-13', 12, 10, 1, NULL, NULL, NULL, '1539571604', NULL, NULL, NULL, 'ADMIN', '2014-12-07 17:12:45'),
(260, 'MOKHTARI', 'ZOUBIR', 39, '1975-06-01', 12, 10, 1, NULL, NULL, NULL, '1539561304', NULL, NULL, NULL, 'ADMIN', '2014-12-07 17:12:45'),
(261, 'ONONO', 'PARFAIT', 25, '1989-09-20', 12, 9, 1, NULL, NULL, NULL, '2546833961', NULL, NULL, NULL, 'ADMIN', '2014-12-07 17:12:45'),
(262, 'OSWALD', 'SENY', 20, '1994-01-25', 12, 9, 1, NULL, NULL, NULL, '2543221772', NULL, NULL, NULL, 'ADMIN', '2014-12-07 17:12:45'),
(263, 'PARANT', 'MAXIME', 26, '1988-10-26', 12, 9, 1, NULL, NULL, NULL, '1555622748', NULL, NULL, NULL, 'ADMIN', '2014-12-07 17:12:45'),
(264, 'PAUK', 'ADRIEN', 26, '1988-11-15', 12, 9, 1, NULL, NULL, NULL, '1565623665', NULL, NULL, NULL, 'ADMIN', '2014-12-07 17:12:45'),
(265, 'PERRIN', 'MAXIME', 29, '1985-08-06', 12, 9, 1, NULL, NULL, NULL, '1565617868', NULL, NULL, NULL, 'ADMIN', '2014-12-07 17:12:45'),
(266, 'PIERRE', 'JONATHAN', 25, '1989-04-16', 12, 9, 1, NULL, NULL, NULL, '1585620838', NULL, NULL, NULL, 'ADMIN', '2014-12-07 17:12:45'),
(267, 'PIERROT', 'JULIEN', 24, '1990-01-03', 12, 9, 1, NULL, NULL, NULL, '1515616825', NULL, NULL, NULL, 'ADMIN', '2014-12-07 17:12:45'),
(268, 'POSTORINO', 'PIERRE', 29, '1985-09-09', 12, 9, 1, NULL, NULL, NULL, '1519514063', NULL, NULL, NULL, 'ADMIN', '2014-12-07 17:12:45'),
(269, 'RAJICIC', 'KEVIN', 30, '1984-01-29', 12, 9, 1, NULL, NULL, NULL, '1539562719', NULL, NULL, NULL, 'ADMIN', '2014-12-07 17:12:45'),
(270, 'RASO', 'JULIEN', 29, '1985-06-07', 12, 9, 1, NULL, NULL, NULL, '1545616759', NULL, NULL, NULL, 'ADMIN', '2014-12-07 17:12:45'),
(271, 'RODRIGUEZ DURIEZ', 'FLORIAN', 23, '1991-02-14', 12, 9, 1, NULL, NULL, NULL, '1575618653', NULL, NULL, NULL, 'ADMIN', '2014-12-07 17:12:45'),
(272, 'SCHMITT', 'JEREMY', 27, '1987-07-09', 12, 9, 1, NULL, NULL, NULL, '1545617023', NULL, NULL, NULL, 'ADMIN', '2014-12-07 17:12:45'),
(273, 'SCHOUN', 'ARNAUD', 25, '1989-09-14', 12, 9, 1, NULL, NULL, NULL, '1555622012', NULL, NULL, NULL, 'ADMIN', '2014-12-07 17:12:45'),
(274, 'SIMONIN', 'PIERRE', 20, '1994-08-31', 12, 9, 1, NULL, NULL, NULL, '1505636438', NULL, NULL, NULL, 'ADMIN', '2014-12-07 17:12:45'),
(275, 'SINGLIS', 'JOHAN', 23, '1991-09-04', 12, 9, 1, NULL, NULL, NULL, '1505632573', NULL, NULL, NULL, 'ADMIN', '2014-12-07 17:12:45'),
(276, 'TAIBI', 'FABRICE', 38, '1976-03-05', 12, 10, 1, NULL, NULL, NULL, '1539577105', NULL, NULL, NULL, 'ADMIN', '2014-12-07 17:12:45'),
(277, 'JANKOWSKI', 'JEAN PHILIPPE', 18, '1996-02-07', 12, 7, 1, NULL, NULL, NULL, '1525624805', NULL, NULL, NULL, 'ADMIN', '2014-12-07 17:12:45'),
(278, 'FALETIC', 'PIERRE', 47, '1967-09-12', 12, 10, 1, NULL, NULL, NULL, '1539558108', NULL, NULL, NULL, 'ADMIN', '2014-12-07 17:12:45'),
(279, 'FENDLER', 'DANIEL', 61, '1953-10-07', 12, 10, 1, NULL, NULL, NULL, '1529551765', NULL, NULL, NULL, 'ADMIN', '2014-12-07 17:12:45'),
(280, 'MERLOT', 'ERIC', 48, '1966-09-03', 12, 10, 1, NULL, NULL, NULL, '1539559226', NULL, NULL, NULL, 'ADMIN', '2014-12-07 17:12:45'),
(281, 'RIZZA', 'ARCANGELO', 53, '1961-08-08', 12, 10, 1, NULL, NULL, NULL, '1529547298', NULL, NULL, NULL, 'ADMIN', '2014-12-07 17:12:45'),
(282, 'SCHAEFFER', 'LAURENT', 52, '1962-02-22', 12, 10, 1, NULL, NULL, NULL, '1529532332', NULL, NULL, NULL, 'ADMIN', '2014-12-07 17:12:45'),
(283, 'WIRTZ', 'CLAUDE', 55, '1959-12-19', 12, 10, 1, NULL, NULL, NULL, '1519501937', NULL, NULL, NULL, 'ADMIN', '2014-12-07 17:12:45'),
(284, 'BRIER', 'XAVIER', 44, '1970-10-22', 9, NULL, NULL, NULL, NULL, NULL, '1545610679', NULL, NULL, NULL, 'ADMIN', '2014-12-07 17:02:42'),
(285, 'CORNET', 'DAVID', 35, '1979-08-27', 9, NULL, NULL, NULL, NULL, NULL, '2544326874', NULL, NULL, NULL, 'ADMIN', '2014-12-07 17:02:42'),
(286, 'ETIENNE', 'ALEXANDRE', 23, '1991-07-28', 9, NULL, NULL, NULL, NULL, NULL, '1575611986', NULL, NULL, NULL, 'ADMIN', '2014-12-07 17:02:42'),
(288, 'SUTTER', 'THIERRY', NULL, '1981-07-15', 12, 8, 4, 187, 76, 'D', '55555555', 'sutter.thierry@gmail.com', '', NULL, 'TSUTTER', '2014-12-23 14:33:55'),
(291, 'PETOT', 'ERIC', NULL, '0000-00-00', 10, 3, NULL, NULL, NULL, NULL, '', 'eripetot@numericable.fr ', 'images/photo/', NULL, 'TSUTTER', '2014-12-23 16:06:35');

-- --------------------------------------------------------

--
-- Structure de la table `menu`
--

DROP TABLE IF EXISTS `menu`;
CREATE TABLE IF NOT EXISTS `menu` (
`id` int(11) NOT NULL,
  `LIBELLE` varchar(100) NOT NULL,
  `URL` text NOT NULL,
  `ICONE` varchar(100) NOT NULL,
  `ORDRE` smallint(6) NOT NULL,
  `ACTIF` smallint(6) NOT NULL,
  `AUTEUR_MAJ` varchar(25) NOT NULL,
  `DERNIERE_MAJ` timestamp NOT NULL DEFAULT CURRENT_TIMESTAMP ON UPDATE CURRENT_TIMESTAMP
) ENGINE=InnoDB  DEFAULT CHARSET=utf8 AUTO_INCREMENT=13 ;

--
-- Contenu de la table `menu`
--

INSERT INTO `menu` (`id`, `LIBELLE`, `URL`, `ICONE`, `ORDRE`, `ACTIF`, `AUTEUR_MAJ`, `DERNIERE_MAJ`) VALUES
(1, 'ACCUEIL', 'ActionAccueil.php', '', 1, 1, 'ADMIN', '2014-12-11 12:24:57'),
(2, 'CLUB', 'ActionClub.php', '', 2, 1, 'ADMIN', '2014-12-11 15:47:11'),
(3, 'SENIORS', 'ActionJoueurs.php', '', 3, 1, 'ADMIN', '2014-12-11 15:47:30'),
(4, 'ECOLE DE FOOT', 'ActionEcoleDeFoot.php', '', 4, 1, 'ADMIN', '2015-01-23 16:08:08'),
(5, 'AGENDA', 'ActionAgenda.php', '', 5, 1, 'ADMIN', '2014-12-12 14:00:41'),
(6, 'EVENEMENTS', 'ActionEvenement.php', '', 6, 1, 'ADMIN', '2014-12-12 14:21:46'),
(7, 'PARTENAIRES', 'ActionSponsor.php', '', 7, 1, 'ADMIN', '2014-12-12 14:20:36'),
(8, 'CONTACT', 'contact.php', '', 8, 1, 'ADMIN', '2014-10-04 08:36:17'),
(9, 'PRESSE', 'presse.php', '', 9, 0, 'ADMIN', '2014-10-04 08:37:03'),
(10, 'VIDEOS', 'videos.php', '', 10, 0, 'ADMIN', '2014-10-04 08:37:03'),
(11, 'BOUTIQUE', 'boutique.php', '', 11, 0, 'ADMIN', '2014-10-04 08:37:35'),
(12, 'CONNEXION', 'administration.php', '', 12, 0, 'ADMIN', '2014-12-11 16:42:44');

-- --------------------------------------------------------

--
-- Structure de la table `parcours`
--

DROP TABLE IF EXISTS `parcours`;
CREATE TABLE IF NOT EXISTS `parcours` (
`id` int(11) NOT NULL,
  `MEMBRE` int(11) NOT NULL,
  `CLUB` varchar(100) NOT NULL,
  `AUTEUR_MAJ` varchar(25) NOT NULL,
  `DERNIERE_MAJ` timestamp NOT NULL DEFAULT CURRENT_TIMESTAMP ON UPDATE CURRENT_TIMESTAMP
) ENGINE=InnoDB  DEFAULT CHARSET=utf8 AUTO_INCREMENT=4 ;

--
-- Contenu de la table `parcours`
--

INSERT INTO `parcours` (`id`, `MEMBRE`, `CLUB`, `AUTEUR_MAJ`, `DERNIERE_MAJ`) VALUES
(1, 5, 'AS ST JULIEN', 'ADMIN', '2014-11-17 16:13:40'),
(2, 1, 'ES METZ', 'ADMIN', '2015-01-26 16:54:50'),
(3, 1, 'AS ST JULIEN', 'ADMIN', '2015-01-26 16:54:55');

-- --------------------------------------------------------

--
-- Structure de la table `poste`
--

DROP TABLE IF EXISTS `poste`;
CREATE TABLE IF NOT EXISTS `poste` (
`id` int(11) NOT NULL,
  `LIBELLE` varchar(100) NOT NULL,
  `AUTEUR_MAJ` varchar(25) NOT NULL,
  `DERNIERE_MAJ` timestamp NOT NULL DEFAULT CURRENT_TIMESTAMP ON UPDATE CURRENT_TIMESTAMP
) ENGINE=InnoDB  DEFAULT CHARSET=utf8 AUTO_INCREMENT=9 ;

--
-- Contenu de la table `poste`
--

INSERT INTO `poste` (`id`, `LIBELLE`, `AUTEUR_MAJ`, `DERNIERE_MAJ`) VALUES
(1, 'GARDIEN', 'ADMIN', '2014-10-04 09:14:05'),
(2, 'DEFENSEUR LATERAL', 'ADMIN', '2014-10-04 09:14:05'),
(3, 'DEFENSEUR CENTRAL', 'ADMIN', '2014-10-04 09:14:05'),
(4, 'MILIEU DEFENSIF', 'ADMIN', '2014-10-04 09:14:05'),
(5, 'MILIEU LATERAL', 'ADMIN', '2014-10-04 09:14:05'),
(6, 'MILIEU OFFENSIF', 'ADMIN', '2014-10-04 09:14:05'),
(7, 'AILIER', 'ADMIN', '2014-10-04 09:14:05'),
(8, 'AVANT CENTRE', 'ADMIN', '2014-10-04 09:14:05');

-- --------------------------------------------------------

--
-- Structure de la table `rencontre`
--

DROP TABLE IF EXISTS `rencontre`;
CREATE TABLE IF NOT EXISTS `rencontre` (
`id` int(11) NOT NULL,
  `COMPETITION` smallint(6) NOT NULL,
  `JOUR` date NOT NULL,
  `EQUIPE_DOM` varchar(50) NOT NULL,
  `EQUIPE_EXT` varchar(50) NOT NULL,
  `SCORE_DOM` smallint(6) NOT NULL,
  `SCORE_EXT` smallint(6) NOT NULL,
  `STATUT` smallint(6) NOT NULL DEFAULT '0',
  `AUTEUR_MAJ` varchar(25) NOT NULL,
  `DERNIERE_MAJ` timestamp NOT NULL DEFAULT CURRENT_TIMESTAMP ON UPDATE CURRENT_TIMESTAMP
) ENGINE=InnoDB  DEFAULT CHARSET=utf8 AUTO_INCREMENT=57 ;

--
-- Contenu de la table `rencontre`
--

INSERT INTO `rencontre` (`id`, `COMPETITION`, `JOUR`, `EQUIPE_DOM`, `EQUIPE_EXT`, `SCORE_DOM`, `SCORE_EXT`, `STATUT`, `AUTEUR_MAJ`, `DERNIERE_MAJ`) VALUES
(1, 1, '2014-08-31', 'ST JULIEN', 'ES WOIPPY', 2, 1, 1, 'ADMIN', '2014-10-04 10:54:08'),
(2, 1, '2014-09-07', 'LAXOU SAPINIERE', 'ST JULIEN', 0, 2, 1, 'ADMIN', '2014-10-04 10:54:08'),
(3, 1, '2014-09-21', 'ST JULIEN', 'ST MIHIEL', 0, 1, 1, 'ADMIN', '2014-10-04 10:54:08'),
(4, 1, '2014-10-05', 'DELME SOLGNE', 'ST JULIEN', 1, 3, 1, 'ADMIN', '2014-11-10 12:17:10'),
(5, 1, '2014-10-19', 'ST JULIEN', 'VELAINES', 2, 2, 1, 'ADMIN', '2014-11-10 12:17:10'),
(6, 1, '2014-10-26', 'ST JULIEN', 'VILLEY ST ETIENNE', 0, 2, 1, 'ADMIN', '2014-11-10 12:17:10'),
(7, 1, '2014-11-02', 'NEUVES MAISONS 2', 'ST JULIEN', 2, 4, 1, 'ADMIN', '2014-11-10 12:17:10'),
(8, 1, '2014-11-09', 'ST JULIEN', 'TRONVILLE', 1, 5, 1, 'ADMIN', '2014-11-10 12:17:10'),
(9, 1, '2014-11-23', 'HANNONVILLE', 'ST JULIEN', 1, 1, 1, 'test', '2014-11-28 16:27:31'),
(10, 1, '2014-11-30', 'ST JULIEN', 'RICHARDMENIL', 3, 2, 1, 'test', '2014-12-16 10:22:14'),
(11, 1, '2014-12-14', 'DEVANT LES PONTS', 'ST JULIEN', 0, 0, 0, 'tsutter', '2014-12-23 10:15:00'),
(12, 1, '2015-02-22', 'ST JULIEN', 'LAXOU SAPINIERE', 0, 0, 0, 'ADMIN', '2014-10-04 10:57:30'),
(13, 1, '2015-03-01', 'ST MIHIEL', 'ST JULIEN', 0, 0, 0, 'ADMN', '2014-10-04 10:57:30'),
(14, 1, '2015-03-08', 'ST JULIEN', 'DELME SOLGNE', 0, 0, 0, 'ADMIN', '2014-10-04 10:57:30'),
(15, 1, '2015-03-15', 'VELAINES', 'ST JULIEN', 0, 0, 0, 'ADMIN', '2014-10-04 10:57:30'),
(16, 1, '2015-03-29', 'VILLEY ST ETIENNE', 'ST JULIEN', 0, 0, 0, 'ADMIN', '2014-10-04 10:57:30'),
(17, 1, '2015-04-12', 'ST JULIEN', 'NEUVES MAISONS 2', 0, 0, 0, 'ADMIN', '2014-10-04 10:57:30'),
(18, 1, '2015-04-26', 'TRONVILLE', 'ST JULIEN', 0, 0, 0, 'ADMIN', '2014-10-04 10:57:30'),
(19, 1, '2015-05-03', 'ST JULIEN', 'HANNONVILLE', 0, 0, 0, 'ADMIN', '2014-10-04 10:57:30'),
(20, 1, '2015-05-10', 'RICHARMENIL', 'ST JULIEN', 0, 0, 0, 'ADMIN', '2014-10-04 10:57:30'),
(21, 1, '2015-05-17', 'ST JULIEN', 'DEVANT LES PONTS', 0, 0, 0, 'ADMIN', '2014-10-04 10:58:14'),
(22, 1, '2015-05-31', 'ES WOIPPY', 'ST JULIEN', 0, 0, 0, 'ADMIN', '2014-10-04 10:58:14'),
(23, 2, '2014-08-31', 'DEVANT LES  PONTS 2', 'ST JULIEN 2', 5, 1, 1, 'ADMIN', '2014-10-04 11:04:43'),
(24, 2, '2014-09-07', 'ST JULIEN 2', 'LA MAXE', 1, 5, 1, 'ADMIN', '2014-10-04 11:04:43'),
(25, 2, '2014-09-21', 'MOULINS LES METZ', 'ST JULIEN 2', 2, 2, 1, 'ADMIN', '2014-10-04 11:04:43'),
(26, 2, '2014-10-05', 'ST JULIEN 2', 'VIGY', 4, 3, 1, 'ADMIN', '2014-11-10 12:18:28'),
(27, 2, '2014-10-19', 'LES COTEAUX', 'ST JULIEN 2', 2, 0, 1, 'AMIN', '2014-11-10 12:18:28'),
(28, 2, '2014-10-26', 'CO METZ 2', 'ST JULIEN 2', 1, 4, 1, 'ADMIN', '2014-11-10 12:18:28'),
(29, 2, '2014-11-02', 'ST JULIEN 2', 'PIERREVILLERS', 2, 5, 1, 'ADMIN', '2014-11-10 12:18:28'),
(30, 2, '2014-11-09', 'CUVRY', 'ST JULIEN 2', 1, 1, 1, 'ADMIN', '2014-11-10 12:18:28'),
(31, 2, '2014-11-23', 'ST JULIEN 2', 'ES MAIZIERES 2', 6, 0, 1, 'test', '2014-12-16 10:21:45'),
(32, 2, '2015-03-08', 'LA MAXE', 'ST JULIEN 2', 0, 0, 0, 'tsutter', '2014-12-23 10:15:13'),
(33, 2, '2015-03-15', 'ST JULIEN 2', 'MOULINS LES METZ', 0, 0, 0, 'ADMIN', '2014-10-04 11:04:43'),
(34, 2, '2015-03-29', 'VIGY', 'ST JULIEN 2', 0, 0, 0, 'ADMIN', '2014-10-04 11:04:43'),
(35, 2, '2015-04-12', 'ST JULIEN 2', 'LES COTEAUX', 0, 0, 0, 'ADMIN', '2014-10-04 11:04:43'),
(36, 2, '2015-04-26', 'ST JULIEN 2', 'CO METZ 2', 0, 0, 0, 'ADMIN', '2014-10-04 11:04:43'),
(37, 2, '2015-05-03', 'PIERREVILLERS', 'ST JULIEN 2', 0, 0, 0, 'ADMIN', '2014-10-04 11:04:43'),
(38, 2, '2015-05-10', 'ST JULIEN 2', 'CUVRY', 0, 0, 0, 'ADMIN', '2014-10-04 11:04:43'),
(39, 2, '2015-05-17', 'ES MAIZIERES 2', 'ST JULIEN 2', 0, 0, 0, 'ADMIN', '2014-10-04 11:04:43'),
(40, 2, '2015-05-31', 'ST JULIEN 2', 'DEVANT LES PONTS 2', 0, 0, 0, 'ADMIN', '2014-10-04 11:04:43'),
(41, 3, '2014-09-14', 'MOULINS LES METZ', 'ST JULIEN', 6, 1, 1, 'ADMIN', '2014-10-04 11:55:52'),
(42, 3, '2014-09-20', 'ST JULIEN', 'MARLY 2', 6, 1, 1, 'ADMIN', '2014-10-04 11:55:52'),
(43, 3, '2014-09-24', 'BAN ST MARTIN', 'ST JULIEN', 1, 5, 1, 'ADMIN', '2014-10-04 11:55:52'),
(44, 3, '2014-10-11', 'NOVEANT', 'ST JULIEN', 3, 4, 1, 'ADMIN', '2014-11-10 12:18:28'),
(45, 3, '2014-10-25', 'ST JULIEN', 'ES WOIPPY', 2, 1, 1, 'ADMIN', '2014-11-10 12:18:28'),
(46, 3, '2014-11-11', 'MONTIGNY LES METZ', 'ST JULIEN', 2, 3, 1, 'ADMIN', '2014-11-13 15:25:58'),
(47, 3, '2014-11-15', 'ST JULIEN', 'PLANTIERES 2', 10, 0, 1, 'test', '2014-11-28 16:27:30'),
(48, 3, '2014-11-23', 'PELTRE', 'ST JULIEN', 1, 4, 1, 'test', '2014-12-16 10:21:45'),
(49, 3, '2014-11-29', 'ST JULIEN', 'ES METZ 2', 6, 1, 1, 'test', '2014-12-16 10:22:14'),
(50, 4, '2014-09-13', 'ST JULIEN', 'APM 3', 5, 6, 1, 'ADMIN', '2014-10-04 11:58:36'),
(51, 4, '2014-09-20', 'BECHY', 'ST JULIEN', 3, 2, 1, 'ADMIN', '2014-10-04 11:58:36'),
(52, 4, '2014-09-27', 'ST JULIEN', 'COURCELLES / NIED 2', 11, 0, 1, 'ADMIN', '2014-10-04 11:58:36'),
(53, 4, '2014-10-11', 'ST JULIEN', 'MOULINS LES METZ', 2, 6, 1, 'ADMIN', '2014-11-10 12:18:53'),
(54, 4, '2014-11-08', 'ESAP', 'ST JULIEN', 8, 2, 1, 'ADMIN', '2014-11-10 12:18:53'),
(55, 4, '2014-11-15', 'ST JULIEN', 'ES WOIPPY', 1, 3, 1, 'test', '2014-12-16 10:19:52'),
(56, 4, '2014-11-22', 'MONTIGNY LES METZ 2', 'ST JULIEN', 1, 3, 1, 'test', '2014-12-16 10:21:45');

-- --------------------------------------------------------

--
-- Structure de la table `saison`
--

DROP TABLE IF EXISTS `saison`;
CREATE TABLE IF NOT EXISTS `saison` (
`id` int(11) NOT NULL,
  `LIBELLE` varchar(100) NOT NULL,
  `ETAT` smallint(6) NOT NULL,
  `AUTEUR_MAJ` varchar(25) NOT NULL,
  `DERNIERE_MAJ` timestamp NOT NULL DEFAULT CURRENT_TIMESTAMP ON UPDATE CURRENT_TIMESTAMP
) ENGINE=InnoDB  DEFAULT CHARSET=utf8 AUTO_INCREMENT=3 ;

--
-- Contenu de la table `saison`
--

INSERT INTO `saison` (`id`, `LIBELLE`, `ETAT`, `AUTEUR_MAJ`, `DERNIERE_MAJ`) VALUES
(1, '2014', 1, 'ADMIN', '2014-10-04 07:47:41'),
(2, '2015', 0, 'ADMIN', '2014-10-04 07:47:41');

-- --------------------------------------------------------

--
-- Structure de la table `sponsor`
--

DROP TABLE IF EXISTS `sponsor`;
CREATE TABLE IF NOT EXISTS `sponsor` (
`id` int(11) NOT NULL,
  `NOM` varchar(100) NOT NULL,
  `URL` text NOT NULL,
  `VIGNETTE` varchar(100) NOT NULL,
  `ADRESSE` varchar(100) DEFAULT NULL,
  `CP` varchar(10) DEFAULT NULL,
  `VILLE` varchar(100) DEFAULT NULL,
  `TEL` varchar(12) DEFAULT NULL,
  `FAX` varchar(12) DEFAULT NULL,
  `EMAIL` varchar(100) DEFAULT NULL,
  `DESCRIPTION` varchar(200) DEFAULT NULL,
  `MESSAGE` text,
  `AUTEUR_MAJ` varchar(25) NOT NULL,
  `DERNIERE_MAJ` timestamp NOT NULL DEFAULT CURRENT_TIMESTAMP ON UPDATE CURRENT_TIMESTAMP
) ENGINE=InnoDB  DEFAULT CHARSET=utf8 AUTO_INCREMENT=20 ;

--
-- Contenu de la table `sponsor`
--

INSERT INTO `sponsor` (`id`, `NOM`, `URL`, `VIGNETTE`, `ADRESSE`, `CP`, `VILLE`, `TEL`, `FAX`, `EMAIL`, `DESCRIPTION`, `MESSAGE`, `AUTEUR_MAJ`, `DERNIERE_MAJ`) VALUES
(1, 'Kinepolis Saint Julien Les Metz', 'http://kinepolis.fr/splash?destination=cinemas/kinepolis-st-julien-les-metz', 'images/kinepolis.jpg', '10 AVENUE PAUL LANGEVIN', '57070', 'SAINT JULIEN LES METZ', '0387758450', '0387758456', '', 'Ouvert en 1995, avec 14 salles et 4014 fauteuils, le premier multiplexe Kinepolis apparu en France, totalement rénové, propose à ses spectateurs un large choix de cinémas ...', NULL, 'ADMIN', '2014-11-13 15:02:43'),
(2, 'Credit Mutuel', 'https://www.creditmutuel.fr/', 'images/creditMutuel.jpg', '28 RUE JEAN BURGER', '57070', 'SAINT JULIEN LES METZ', '0820000130', '0387761683', '05004@creditmutuel.fr', 'Banque en ligne', NULL, 'ADMIN', '2014-11-13 12:02:58'),
(3, 'Placards MAGE', 'http://www.placardsmage.fr/', 'images/mage_2014.jpg', 'LA BELLE FONTAINE', '57155', 'MARLY', '0387664207', '0387663904', '', 'fabrication et pose de vos placards et meubles sur mesures', NULL, 'ADMIN', '2014-11-13 12:00:41'),
(4, 'Groupe Salmon', 'http://www.groupe-salmon.fr/', 'images/salmon.jpg', '28 AVENUE DE THIONVILLE', '57140', 'METZ WOIPPY', '0387325261', '0387310374', 'salmon@groupe-salmon.fr', 'rénovation de bâtiment public ou privé, construction de bâtiment neuf, isolation, bardage...', NULL, 'ADMIN', '2014-11-13 14:55:38'),
(5, 'Lori''s Sports', 'http://www.lori-s.fr/', 'images/lorissports.jpg', '38 ROUTE DE PLAPEVILLE', '57050', 'LE BAN SAINT MARTIN', '0387301031', '', 'loris4@wanadoo.fr', 'Magasin de sport, produits pour entreprise, flocage, broderie, sérigraphie, trophées, ...', NULL, 'ADMIN', '2014-11-13 14:57:16'),
(6, 'Sport 2000', 'http://www.sport2000.fr/', 'images/sport2000.jpg', '4 RUE DE BOUSSE', '57300', 'MONDELANGE', '0387714630', '0387719445', 'sport2000bureaumondelange@hotmail.fr', 'Enseigne spécialiste Multisport, Sport 2000 est un groupement de commerçants indépendants, fort de 50 années d''expérience sur le marché du Sport et des Loisirs en France et à l''international.', NULL, 'ADMIN', '2014-11-13 14:57:51'),
(7, 'Super U', 'http://www.magasins-u.com/superu-saintjulienlesmetz', 'images/superU.jpg', 'RUE FRANCOIS SIMON', '57070', 'SAINT JULIEN LES METZ', '0387762302', '', '', 'Supermarché, hypermarché, promotions, jeux, développement photo numérique : tous vos contenus préférés vous attendent sur le site de votre magasin...', NULL, 'ADMIN', '2014-11-13 14:58:17'),
(8, 'Fédération Française de Football', 'http://www.fff.fr', 'images/fff.jpg', '87 BOULEVARD DE GRENELLE', '75738', 'PARIS CEDEX 15', '0144317300', '0144317373', NULL, 'Site officiel de la fédération française de foot', NULL, 'ADMIN', '2014-11-13 14:52:06'),
(9, 'Ligue Lorraine de Football', 'http://lorraine.fff.fr', 'images/llf.png', '1 RUE DE LA GRANDE DOUVE', '54250', 'CHAMPIGNEULLES', '0383918002', '0383901824', 'secretariat@lorraine.fff.fr', 'Site officiel de la ligue lorraine de foot', NULL, 'ADMIN', '2014-11-13 14:52:23'),
(10, 'District Mosellan de Football', 'http://moselle.fff.fr', 'images/dmf.gif', '49 RUE DU GENERAL METMAN', '57070', 'METZ', '0387755311', '0387363140', 'secretariat@moselle.fff.fr', 'Site officiel du district mosellan de foot', NULL, 'ADMIN', '2014-11-13 14:52:36'),
(11, 'Ville de Saint Julien Lès Metz', 'http://mairie-stjulienlesmetz.fr/', 'images/ville.jpg', '108 RUE GENERAL DIOU', '57070', 'SAINT JULIEN LES METZ', '0387740717', '0387754038', 'mairie.st-julien@wanadoo.fr', 'Site officiel de la mairie', NULL, 'ADMIN', '2014-11-13 14:52:47'),
(12, 'Poivre & Sel Restaurant', 'http://www.restaurant-poivre-et-sel.fr/', 'images/poivre&sel.jpg', '130 RUE GENERAL DIOU', '57070', 'SAINT JULIEN LES METZ', '0387368043', NULL, NULL, 'Le restaurant Au Poivre et Sel vous accueille à Saint Julien les Metz dans le département de la Moselle.', NULL, 'ADMIN', '2014-11-13 14:53:19'),
(13, 'MC DONALD''S', 'www.mcdonalds.fr/saint_julien_les_metz‎', 'images/mcdonalds.gif', 'RUE PAUL LANGEVIN', '57070', 'SAINT JULIEN LES METZ', '0387740200', NULL, NULL, 'Restauration rapide', NULL, 'ADMIN', '2014-11-13 14:54:27'),
(14, 'MILI''S CAFE', '', 'images/miliscafe.jpg', '12 LA TANNERIE', '57070', 'SAINT JULIEN LES METZ', '0387209276', NULL, NULL, 'Restaurant traditionnel', NULL, 'ADMIN', '2014-11-13 14:59:33'),
(15, 'INOTECH', 'www.inotech-clotures.com/', 'images/inotech.png', '1 BOUCLE DE LA BERGERIE', '57070', 'SAINT JULIEN LES METZ', '0387768416', '0387359746', 'inotech_snc@bbox.fr', 'Réalisation de clôtures', NULL, 'ADMIN', '2014-11-13 15:01:23'),
(16, 'IMAGIN COMMUNICATION', 'http://www.imagincommunication.fr/', 'images/imaginCommunication.jpg', '4 RUE PRINCIPALE', '57070', 'VANY', '0387777610', NULL, NULL, 'création et conception de vos supports de communication grâce à une gamme complète et parfaitement adaptée à votre métier', NULL, 'ADMIN', '2014-11-13 14:54:05'),
(17, 'ETS CHIAPPA', '', '', '2 ALLEE DES MESANGES BP 7', '57640', 'VIGY', '0387779213', '0387301684', 'etabchiappa@wanadoo.fr', 'Distribution de boissons', NULL, 'ADMIN', '2014-11-13 14:54:46'),
(18, 'NAU', '', 'images/nauAutoEcole.jpg', 'FORT MOSELLE 19 RUE DE PARIS', '57000', 'METZ', '0387302539', '0387302539', NULL, 'Ecole de conduite - auto, cyclo, remorque', NULL, 'ADMIN', '2014-12-10 15:35:49'),
(19, 'MIL PROPRETE', '', 'images/milProprete.jpg', '5 LES HAMEAUX DE LA GRANGE', '57155', 'MARLY', '0661791641', NULL, 'isabelle_goncalves@live.fr', NULL, NULL, 'ADMIN', '2014-12-10 15:35:49');

-- --------------------------------------------------------

--
-- Structure de la table `type_competition`
--

DROP TABLE IF EXISTS `type_competition`;
CREATE TABLE IF NOT EXISTS `type_competition` (
`ID` int(11) NOT NULL,
  `LIBELLE` varchar(100) NOT NULL,
  `CATEGORIE` smallint(6) NOT NULL,
  `AUTEUR_MAJ` varchar(25) NOT NULL,
  `DERNIERE_MAJ` timestamp NOT NULL DEFAULT CURRENT_TIMESTAMP ON UPDATE CURRENT_TIMESTAMP
) ENGINE=InnoDB  DEFAULT CHARSET=utf8 AUTO_INCREMENT=31 ;

--
-- Contenu de la table `type_competition`
--

INSERT INTO `type_competition` (`ID`, `LIBELLE`, `CATEGORIE`, `AUTEUR_MAJ`, `DERNIERE_MAJ`) VALUES
(1, 'CHAMPIONNAT', 9, 'ADMIN', '2015-01-07 12:27:17'),
(2, 'COUPE DE FRANCE', 9, 'ADMIN', '2015-01-07 12:27:17'),
(3, 'COUPE DE LORRAINE', 9, 'ADMIN', '2015-01-07 12:27:34'),
(4, 'COUPE DE MOSELLE', 9, 'ADMIN', '2015-01-07 12:27:34'),
(5, 'COUPE DES RESERVES', 9, 'ADMIN', '2015-01-07 12:27:59'),
(6, 'COUPE DE LORRAINE', 5, 'ADMIN', '2015-01-07 12:27:59'),
(7, 'COUPE DE MOSELLE', 5, 'ADMIN', '2015-01-07 12:28:28'),
(8, 'COUPE NATIONALE', 4, 'ADMIN', '2015-01-07 12:28:28'),
(9, 'COUPE NATIONALE', 3, 'ADMIN', '2015-01-07 12:28:40'),
(10, 'CHAMPIONNAT', 5, 'ADMIN', '2015-01-07 12:29:14'),
(11, 'CHAMPIONNAT', 4, 'ADMIN', '2015-01-07 12:29:14'),
(12, 'CHAMPIONNAT', 3, 'ADMIN', '2015-01-07 12:29:22'),
(13, 'AMICAL', 9, 'ADMIN', '2015-01-07 12:32:40'),
(14, 'AMICAL', 5, 'ADMIN', '2015-01-07 12:32:40'),
(15, 'AMICAL', 4, 'ADMIN', '2015-01-07 12:32:55'),
(16, 'AMICAL', 3, 'ADMIN', '2015-01-07 12:32:55'),
(17, 'AMICAL', 2, 'ADMIN', '2015-01-07 12:33:04'),
(18, 'AMICAL', 1, 'ADMIN', '2015-01-07 12:33:04'),
(19, 'TOURNOI', 9, 'ADMIN', '2015-01-07 12:33:35'),
(20, 'TOURNOI', 5, 'ADMIN', '2015-01-07 12:33:35'),
(21, 'TOURNOI', 4, 'ADMIN', '2015-01-07 12:33:45'),
(22, 'TOURNOI', 3, 'ADMIN', '2015-01-07 12:33:45'),
(23, 'TOURNOI', 2, 'ADMIN', '2015-01-07 12:33:56'),
(24, 'TOURNOI', 1, 'ADMIN', '2015-01-07 12:33:56'),
(25, 'AUTRE', 9, 'ADMIN', '2015-01-07 12:34:30'),
(26, 'AUTRE', 5, 'ADMIN', '2015-01-07 12:34:30'),
(27, 'AUTRE', 4, 'ADMIN', '2015-01-07 12:34:30'),
(28, 'AUTRE', 3, 'ADMIN', '2015-01-07 12:34:30'),
(29, 'AUTRE', 2, 'ADMIN', '2015-01-07 12:34:30'),
(30, 'AUTRE', 1, 'ADMIN', '2015-01-07 12:34:34');

-- --------------------------------------------------------

--
-- Structure de la table `utilisateur`
--

DROP TABLE IF EXISTS `utilisateur`;
CREATE TABLE IF NOT EXISTS `utilisateur` (
  `LOGIN` varchar(25) NOT NULL,
  `PASSWORD` varchar(64) NOT NULL,
  `ACTIF` smallint(6) NOT NULL,
  `NB_ECHEC` smallint(6) NOT NULL,
  `PWD_USAGE_UNIQUE` smallint(6) NOT NULL,
  `DATE_EXPIRATION` date NOT NULL,
  `EMAIL` varchar(100) NOT NULL,
  `NOM` varchar(50) NOT NULL,
  `PRENOM` varchar(50) NOT NULL,
  `SEXE` varchar(1) NOT NULL,
  `DATE_NAISSANCE` date NOT NULL,
  `ADRESSE` varchar(100) NOT NULL,
  `CODE_POSTAL` varchar(10) NOT NULL,
  `VILLE` varchar(100) NOT NULL,
  `PAYS` varchar(50) NOT NULL,
  `TEL_FIXE` varchar(12) NOT NULL,
  `TEL_PORTABLE` varchar(12) NOT NULL,
  `PHOTO` varchar(100) NOT NULL,
  `SUPER_ADMIN` smallint(6) NOT NULL,
  `DERNIERE_CONNEXION` datetime NOT NULL,
  `DERNIERE_MAJ` timestamp NOT NULL DEFAULT CURRENT_TIMESTAMP ON UPDATE CURRENT_TIMESTAMP
) ENGINE=InnoDB DEFAULT CHARSET=utf8;

--
-- Contenu de la table `utilisateur`
--

INSERT INTO `utilisateur` (`LOGIN`, `PASSWORD`, `ACTIF`, `NB_ECHEC`, `PWD_USAGE_UNIQUE`, `DATE_EXPIRATION`, `EMAIL`, `NOM`, `PRENOM`, `SEXE`, `DATE_NAISSANCE`, `ADRESSE`, `CODE_POSTAL`, `VILLE`, `PAYS`, `TEL_FIXE`, `TEL_PORTABLE`, `PHOTO`, `SUPER_ADMIN`, `DERNIERE_CONNEXION`, `DERNIERE_MAJ`) VALUES
('aissadi', 'dead1f1d2eaf15fd18681e356cb382265b9eb9cb5ed3e034e7dedf54862ccd9d', 1, 0, 1, '2999-01-01', 'alain.issadi@hotmail.fr', 'ISSADI', 'ALAIN', '', '0000-00-00', '', '', '', '', '', '', 'images/photo/', 0, '0000-00-00 00:00:00', '2014-12-23 16:10:31'),
('bpigeot', '69c1cd4375b3968193d38b94759e6ff5d5983bdf2bdb72c2af744eb897ec55f2', 1, 0, 1, '2999-01-01', 'b.pigeot57@gmail.com ', 'PIGEOT', 'BERNARD', '', '0000-00-00', '', '', '', '', '', '', 'images/photo/', 0, '0000-00-00 00:00:00', '2014-12-23 16:10:06'),
('epetot', '4400a27c247077a638f4d74bc3d16278d813f012d84ac55eb6c9c277a7ddb390', 1, 0, 1, '2999-01-01', 'eripetot@numericable.fr ', 'PETOT', 'ERIC', '', '0000-00-00', '', '', '', '', '', '', 'images/photo/', 0, '0000-00-00 00:00:00', '2014-12-23 16:04:54'),
('fgastrini', '825c8e993ec3da0f0ae3b94c72fd3cc445dce9af454f96dc021dd3251c4910f1', 1, 0, 1, '2999-01-01', 'franco.g@numericable.fr ', 'GASTRINI', 'FRANCO', '', '0000-00-00', '', '', '', '', '', '', 'images/photo/', 0, '0000-00-00 00:00:00', '2014-12-23 16:07:21'),
('ftaibi', 'a9dd620218a11563a33214188116ec5ce6cc105d2c3855767a52aa082606976b', 1, 0, 1, '2999-01-01', 'brizio.t@gmail.com ', 'TAIBI', 'FABRICE', '', '0000-00-00', '', '', '', '', '', '', 'images/photo/', 0, '0000-00-00 00:00:00', '2014-12-23 16:07:51'),
('lsutter', '2f5b5f03b49a5fb265c23018bc460455206268c7a82030d4d1390649e933f026', 1, 0, 0, '2999-01-01', 'laurent.sutter@neuf.fr', 'SUTTER', 'LAURENT', '', '1958-02-20', '8', '57000', 'METZ', '', '0387691065', '0612345678', 'images/photo/', 0, '2014-12-23 17:02:41', '2014-12-23 16:02:41'),
('mmelzer', '6f536e60f7adf3e93dcb0d09f7331223d9cac0f34a57db582b2efc9fc5bd4dab', 1, 0, 1, '2999-01-01', 'contact@melzer.fr ', 'MELZER', 'MICHELINE', '', '0000-00-00', '', '', '', '', '', '', 'images/photo/', 0, '0000-00-00 00:00:00', '2014-12-23 16:09:29'),
('tsutter', '4f186b1ec6f4ecdcc8735e2bbf9c53e3b99e0bbd23cbb37b9aa8e2b5c4c5aafd', 1, 0, 0, '2999-01-01', 'sutter.thierry@gmail.com', 'SUTTER', 'THIERRY', 'M', '1981-07-15', '3 SENTIER DES FAUVETTES', '57155', 'MARLY', 'FRANCE', '0983757816', '0632988973', '', 1, '2015-02-03 16:39:29', '2015-02-03 15:39:29');

--
-- Index pour les tables exportées
--

--
-- Index pour la table `article`
--
ALTER TABLE `article`
 ADD PRIMARY KEY (`id`);

--
-- Index pour la table `categorie`
--
ALTER TABLE `categorie`
 ADD PRIMARY KEY (`id`);

--
-- Index pour la table `competition`
--
ALTER TABLE `competition`
 ADD PRIMARY KEY (`id`);

--
-- Index pour la table `compte_rendu`
--
ALTER TABLE `compte_rendu`
 ADD PRIMARY KEY (`RENCONTRE`);

--
-- Index pour la table `division`
--
ALTER TABLE `division`
 ADD PRIMARY KEY (`id`);

--
-- Index pour la table `entrainement`
--
ALTER TABLE `entrainement`
 ADD PRIMARY KEY (`ID`);

--
-- Index pour la table `equipe`
--
ALTER TABLE `equipe`
 ADD PRIMARY KEY (`id`);

--
-- Index pour la table `evenement`
--
ALTER TABLE `evenement`
 ADD PRIMARY KEY (`ID`);

--
-- Index pour la table `fonction`
--
ALTER TABLE `fonction`
 ADD PRIMARY KEY (`id`);

--
-- Index pour la table `individu`
--
ALTER TABLE `individu`
 ADD PRIMARY KEY (`ID`);

--
-- Index pour la table `membre`
--
ALTER TABLE `membre`
 ADD PRIMARY KEY (`id`);

--
-- Index pour la table `menu`
--
ALTER TABLE `menu`
 ADD PRIMARY KEY (`id`);

--
-- Index pour la table `parcours`
--
ALTER TABLE `parcours`
 ADD PRIMARY KEY (`id`);

--
-- Index pour la table `poste`
--
ALTER TABLE `poste`
 ADD PRIMARY KEY (`id`);

--
-- Index pour la table `rencontre`
--
ALTER TABLE `rencontre`
 ADD PRIMARY KEY (`id`);

--
-- Index pour la table `saison`
--
ALTER TABLE `saison`
 ADD PRIMARY KEY (`id`);

--
-- Index pour la table `sponsor`
--
ALTER TABLE `sponsor`
 ADD PRIMARY KEY (`id`);

--
-- Index pour la table `type_competition`
--
ALTER TABLE `type_competition`
 ADD PRIMARY KEY (`ID`);

--
-- Index pour la table `utilisateur`
--
ALTER TABLE `utilisateur`
 ADD PRIMARY KEY (`LOGIN`);

--
-- AUTO_INCREMENT pour les tables exportées
--

--
-- AUTO_INCREMENT pour la table `article`
--
ALTER TABLE `article`
MODIFY `id` int(11) NOT NULL AUTO_INCREMENT,AUTO_INCREMENT=14;
--
-- AUTO_INCREMENT pour la table `categorie`
--
ALTER TABLE `categorie`
MODIFY `id` int(11) NOT NULL AUTO_INCREMENT,AUTO_INCREMENT=11;
--
-- AUTO_INCREMENT pour la table `competition`
--
ALTER TABLE `competition`
MODIFY `id` int(11) NOT NULL AUTO_INCREMENT,AUTO_INCREMENT=18;
--
-- AUTO_INCREMENT pour la table `division`
--
ALTER TABLE `division`
MODIFY `id` int(11) NOT NULL AUTO_INCREMENT,AUTO_INCREMENT=29;
--
-- AUTO_INCREMENT pour la table `entrainement`
--
ALTER TABLE `entrainement`
MODIFY `ID` int(11) NOT NULL AUTO_INCREMENT,AUTO_INCREMENT=9;
--
-- AUTO_INCREMENT pour la table `equipe`
--
ALTER TABLE `equipe`
MODIFY `id` int(11) NOT NULL AUTO_INCREMENT,AUTO_INCREMENT=12;
--
-- AUTO_INCREMENT pour la table `evenement`
--
ALTER TABLE `evenement`
MODIFY `ID` int(11) NOT NULL AUTO_INCREMENT,AUTO_INCREMENT=3;
--
-- AUTO_INCREMENT pour la table `fonction`
--
ALTER TABLE `fonction`
MODIFY `id` int(11) NOT NULL AUTO_INCREMENT,AUTO_INCREMENT=13;
--
-- AUTO_INCREMENT pour la table `individu`
--
ALTER TABLE `individu`
MODIFY `ID` int(11) NOT NULL AUTO_INCREMENT,AUTO_INCREMENT=5;
--
-- AUTO_INCREMENT pour la table `membre`
--
ALTER TABLE `membre`
MODIFY `id` int(11) NOT NULL AUTO_INCREMENT,AUTO_INCREMENT=292;
--
-- AUTO_INCREMENT pour la table `menu`
--
ALTER TABLE `menu`
MODIFY `id` int(11) NOT NULL AUTO_INCREMENT,AUTO_INCREMENT=13;
--
-- AUTO_INCREMENT pour la table `parcours`
--
ALTER TABLE `parcours`
MODIFY `id` int(11) NOT NULL AUTO_INCREMENT,AUTO_INCREMENT=4;
--
-- AUTO_INCREMENT pour la table `poste`
--
ALTER TABLE `poste`
MODIFY `id` int(11) NOT NULL AUTO_INCREMENT,AUTO_INCREMENT=9;
--
-- AUTO_INCREMENT pour la table `rencontre`
--
ALTER TABLE `rencontre`
MODIFY `id` int(11) NOT NULL AUTO_INCREMENT,AUTO_INCREMENT=57;
--
-- AUTO_INCREMENT pour la table `saison`
--
ALTER TABLE `saison`
MODIFY `id` int(11) NOT NULL AUTO_INCREMENT,AUTO_INCREMENT=3;
--
-- AUTO_INCREMENT pour la table `sponsor`
--
ALTER TABLE `sponsor`
MODIFY `id` int(11) NOT NULL AUTO_INCREMENT,AUTO_INCREMENT=20;
--
-- AUTO_INCREMENT pour la table `type_competition`
--
ALTER TABLE `type_competition`
MODIFY `ID` int(11) NOT NULL AUTO_INCREMENT,AUTO_INCREMENT=31;
/*!40101 SET CHARACTER_SET_CLIENT=@OLD_CHARACTER_SET_CLIENT */;
/*!40101 SET CHARACTER_SET_RESULTS=@OLD_CHARACTER_SET_RESULTS */;
/*!40101 SET COLLATION_CONNECTION=@OLD_COLLATION_CONNECTION */;
